,Unnamed: 0.1,Unnamed: 0,Period (birth),Name,Country,Born,Died,Comments,Source,wave,Birthyear,q_id,average_pageviews
1,1,1,1300–1400,Christine de Pizan,Italy,1365,1430,Medieval court writer,[3],,1365,Q234816,107.14285714285714
2,2,2,1300–1400,Jefimija,Serbia,1349,1405,"Serbian politician, poet, diplomat",[4],,1349,Q457889,0.0
3,3,3,1400–1499,Laura Cereta,Italy,1469,1499,Humanist and feminist writer,[5],,1469,Q3778073,0.0
5,5,5,1400–1499,Isabel de Villena,Spain,1430,1460,Feminist nun,[7][8],,1430,Q3155085,0.0
7,7,7,1500–1599,Heinrich Cornelius Agrippa,Germany,1486,1535,"Male feminist, wrote *Declamatio de nobilitate et praecellentia foeminei 
sexus* (*Declamation on the Nobility and Preeminence of the Female Sex)*, a 
book pronouncing the theological and moral superiority of women",[13],,1486,Q76568,132.85714285714286
8,8,8,1500–1599,Jane Anger,United Kingdom,fl. 1589,fl. 1589,Protofeminist writer of *Jane Anger her Protection for Women*,[14],,fl. 1589,Q15490887,0.0
9,9,9,1500–1599,Marie de Gournay,France,1565,1645,"Protofeminist writer of *Egalité des hommes et des femmes* (*The equality 
of men and women*)",[15],,1565,Q469087,0.0
11,11,11,1500–1599,Lucrezia Marinella,Italy,c. 1571,1653,"Italian poet, author, and an advocate of women's rights",[17],,c. 1571,Q1873744,0.0
12,12,12,1500–1599,Izumo no Okuni,Japan,c. 1571,unknown,Originator of kabuki theater,[18],,c. 1571,Q1334304,0.0
13,13,13,1600–1699,Mary Astell,United Kingdom,c. 1666,1731,English feminist writer and rhetorician,[17][19][20],,c. 1666,Q2359434,0.0
14,14,14,1600–1699,Aphra Behn,United Kingdom,1640,1689,Writer and protofeminist,[21],,1640,Q231886,103.2
15,15,15,1600–1699,Anne Bradstreet,United Kingdom,1612,1672,North American colonial poet,[22],,1612,Q242332,114.0
16,16,16,1600–1699,Sophia Elisabet Brenner,Sweden,1659,1724,Writer and women's rights activist,[23],,1659,Q126270,0.0
19,19,19,1600–1699,Ninon de l'Enclos,France,1620,1795,"Author, courtesan, and patron of the arts",[*citation needed*],,1620,Q237045,0.0
20,20,20,1700–1799,Abigail Adams,United States,1744,1818,Wife of John Adams and mother of John Quincy Adams,[25],,1744,Q206191,697.8571428571429
21,21,21,1700–1799,Catharina Ahlgren,Sweden,1734,1800,Female Swedish publisher and writer.,[26],,1734,Q4934495,0.0
22,22,22,1700–1799,Annestine Beyer,Denmark,1795,1884,Pioneer of women's education,[27],,1795,Q15813317,0.0
23,23,23,1700–1799,Eleanor Butler,Ireland,1739,1829,One of the Ladies of Llangollen,[28],,1739,Q3012704,13.0
24,24,24,1700–1799,Marquis de Condorcet,France,1743,1794,,[17],,1743,Q201477,106.86666666666666
25,25,25,1700–1799,Olympe de Gouges,France,1748,1793,"Playwright and political activist who wrote the Declaration of the Rights 
of Woman and of the Female Citizen in 1791",[19],,1748,Q206972,144.35294117647058
28,28,28,1700–1799,Madeleine de Puisieux,France,1720,1798,Writer,[31],,1720,Q440254,0.0
29,29,29,1700–1799,Dorothea Erxleben,Germany,1715,1762,"First female medical doctor in Germany, argued for the right of women to 
study medicine and other disciplines at university",[3],,1715,Q62931,0.0
30,30,30,1700–1799,Charles Fourier,France,1772,1837,"Socialist feminist; philosopher; credited with coining the (French) word 
""féministe""",[32][33],,1772,Q181707,106.0
31,31,31,1700–1799,Jane Gomeldon,United Kingdom,c. 1720,1779,Writer and first to use the press to gain power through transparency.,[34],,c. 1720,Q6152288,0.0
32,32,32,1700–1799,Sarah Moore Grimké,United States,1792,1873,Suffragist and abolitionist,[19][35],,1792,Q2470678,0.0
33,33,33,1700–1799,Francis Hutcheson,Ireland,1694,1746,"Scottish-Irish philosopher, a founding father of the Scottish Enlightenment",[36],,1694,Q316367,0.0
34,34,34,1700–1799,Christian Isobel Johnstone,United Kingdom,1781,1857,Journalist and author in Scotland,[37],,1781,Q5109767,0.0
35,35,35,1700–1799,Anne Knight,United Kingdom,1786,1862,Social reformer; pioneer of feminism,[19],,1786,Q4768511,0.0
36,36,36,1701–1800,Anna Maria Lenngren,Sweden,1754,1817,"Writer, poet, and salonist; possibly a feminist",[38],,1754,Q459663,0.0
37,37,37,1700–1799,Lucretia Mott,United States,1793,1880,Abolitionist and women's rights campaigner,[39],,1793,Q267107,137.6875
38,38,38,1700–1799,Judith Sargent Murray,United States,1751,1820,"Early American proponent of female equality and author of On the Equality 
of the Sexes",[40],,1751,Q44922,0.0
39,39,39,1700–1799,John Neal,United States,1793,1876,"Writer, critic, and first American women's rights lecturer",[41][42],,1793,Q2345564,0.0
40,40,40,1700–1799,Sarah Ponsonby,Ireland,1755,1831,One of the Ladies of Llangollen,[28],,1755,Q3012704,13.0
41,41,41,1700–1799,Mary Shelley,United Kingdom,1797,1851,Early pioneer feminist,[35],,1797,Q47152,1243.142857142857
42,42,42,1700–1799,Maria Engelbrecht Stokkenbech,Denmark,1759,after 1806,Dressed as a man to be able to work,[43],,1759,Q85951303,0.0
43,43,43,1700–1799,Thomas Thorild,Sweden,1759,1808,"Male feminist, poet",[44],,1759,Q545604,0.0
45,45,45,1700–1799,Sojourner Truth,United States,c. 1797,1883,"First-wave feminist; abolitionist, women's rights activist, speaker, 
women's rights speech ""Ain't I a Woman?""",[25][35],First-wave,c. 1797,Q105180,1306.5714285714287
46,46,46,1700–1799,Anna Wheeler,Ireland,1785,1848,"Feminist and socialist writer who networked Robert Owen, Charles Fourier, Henri 
Saint-Simon, William Thompson (philosopher) and Flora Tristan, Desiree Veret",[46][45],,1785,Q4766969,0.0
47,47,47,1700–1799,Mary Wollstonecraft,United Kingdom,1759,1797,"Early pioneer proto-feminist. Author of *A Vindication of the Rights of 
Woman*",[25][35],,1759,Q101638,413.2857142857143
48,48,48,1700–1799,Frances Wright,United Kingdom,1795,1852,feminist,[25][35],,1795,Q441537,0.0
49,49,49,1800–1874,Juliette Adam,France,1836,1936,,[19],,1836,Q270617,0.0
50,50,50,1800–1874,Jane Addams,United States,1860,1935,"Feminist; Women's Suffrage advocate; Major social activist, president Women's 
International League for Peace and Freedom",[35],,1860,Q180989,255.57142857142858
51,51,51,1800–1874,Gertrud Adelborg,Sweden,1853,1942,Teacher and suffragist,[47],,1853,Q4933813,0.0
52,52,52,1800–1874,Sophie Adlersparre,Sweden,1823,1895,"Publisher; one of three most notable pioneers of women's rights movement in 
Sweden",[48],,1823,Q4346827,0.0
53,53,53,1800–1874,Alfhild Agrell,Sweden,1849,1923,,[49],,1849,Q469339,0.0
54,54,54,1800–1874,Soteria Aliberty,Greece,1847,1929,,[19],,1847,Q7563964,0.0
55,55,55,1800–1874,Jules Allix,France,1818,1897,Socialist; feminist,[32],,1818,Q349485,0.0
56,56,56,1800–1874,Elisabeth Altmann-Gottheiner,Germany,1874,1930,Woman Suffrage,[50],,1874,Q78060,0.0
57,57,57,1800–1874,Ellen Anckarsvärd,Sweden,1833,1898,Co-founded the Married Woman's Property Rights Association,[51],,1833,Q4935550,0.0
58,58,58,1800–1874,Adelaide Anderson,United Kingdom,1863,1936,,[20],,1863,Q261452,0.0
59,59,59,1800–1874,Elizabeth Garrett Anderson,United Kingdom,1836,1917,"Feminist, suffragist; first Englishwoman to qualify as a physician and 
surgeon in the UK; co-founder of first hospital staffed by women",[20][52],,1836,Q235464,0.0
60,60,60,1800–1874,Louisa Garrett Anderson,United Kingdom,1873,1943,Suffragette,[52],,1873,Q542019,0.0
61,61,61,1800–1874,Maybanke Anderson,Australia,1845,1927,Suffragette,[53],,1845,Q6796901,0.0
64,64,64,1800–1874,Edith Archibald,Canada,1854,1936,"Suffragist; led the Maritime Women's Christian Temperance Union, the National 
Council of Women of Canada and the Local Council of Women of Halifax",[55],,1854,Q5338494,0.0
65,65,65,1800–1874,Concepción Arenal,Spain,1820,1893,,[17],,1820,Q671852,0.0
66,66,66,1800–1874,"Princess Louise, Duchess of Argyll",United Kingdom,1848,1939,Suffragette,[56],,1848,Q161167,210.28571428571428
67,67,67,1800–1874,Ottilie Assing,Germany,1819,1884,,[57],,1819,Q98643,0.0
70,70,70,1800–1874,Hubertine Auclert,France,1848,1914,"Feminist activist, suffragette",[35],,1848,Q448953,0.0
71,71,71,1800–1874,Olympe Audouard,France,1832,1890,,[35],,1832,Q427566,0.0
72,72,72,1800–1874,Alice Constance Austin,United States,1862,1955,Socialist feminist; radical feminist,[60],,1862,Q2836558,0.0
73,73,73,1800–1874,Rachel Foster Avery,United States,1858,1919,First-wave feminist; suffragette,[35],First-wave,1858,Q7279237,0.0
74,74,74,1800–1874,John Goodwyn Barmby,United Kingdom,1820,1881,,[52],,1820,Q3506528,0.0
75,75,75,1800–1874,Marie Bashkirtseff,Ukraine,1858,1884,feminist; French feminist,[35],,1858,Q255253,0.0
76,76,76,1800–1874,José Batlle y Ordóñez,Uruguay,1856,1929,,[61],,1856,Q15145,0.0
77,77,77,1800–1874,Anna Bayerová,Czech Republic,1853,1924,,[62],,1853,Q3501088,0.0
78,78,78,1800–1874,Jean Beadle,Australia,1868,1942,Feminist; social worker; political activist,,,1868,Q6170240,0.0
79,79,79,1800–1874,August Bebel,Germany,1840,1913,Communist; male,[25],,1840,Q76520,0.0
80,80,80,1800–1874,Alaide Gualberta Beccari,Italy,1868,1930,Socialist feminist; radical feminist,,,1868,Q4705611,0.0
81,81,81,1800–1874,Lydia Becker,United Kingdom,1827,1890,Suffragette,[19][52],,1827,Q276466,0.0
82,82,82,1800–1874,Catharine Beecher,United States,1800,1878,,[19],,1800,Q462169,0.0
83,83,83,1800–1874,Alva Belmont,United States,1853,1933,Suffrage leader; speaker; author,[19],,1853,Q448169,1327.0
84,84,84,1800–1874,Louie Bennett,Ireland,1870,1956,Suffrage leader,[19],,1870,Q15485418,0.0
85,85,85,1800–1874,Ethel Bentham,United Kingdom,1861,1931,"Progressive doctor, politician and suffragette",[63],,1861,Q4793375,0.0
86,86,86,1800–1874,Victoire Léodile Béra,France,1824,1900,,[64],,1824,Q458559,0.0
87,87,87,1800–1874,Signe Bergman,Sweden,1869,1960,,,,1869,Q4938592,0.0
88,88,88,1800–1874,Annie Besant,United Kingdom,1847,1933,Socialist feminist,,,1847,Q464318,130.28571428571428
90,90,90,1800–1874,Clementina Black,United Kingdom,1853,1922,"Feminist, writer, trade unionist",,,1853,Q4088416,0.0
91,91,91,1800–1874,Alice Stone Blackwell,United States,1857,1950,"Feminist and journalist, editor of *Woman's Journal*, a major women's 
rights publication",[19],,1857,Q2646853,0.0
93,93,93,1800–1874,Elizabeth Blackwell,United States,1821,1910,First-wave feminist,[35],First-wave,1821,Q234572,152.55555555555554
96,96,96,1800–1874,Amelia Bloomer,United States,1818,1894,"Suffragist, publisher and editor of *The Lily*, advocated for many women's 
issues",[19],,1818,Q442759,0.0
97,97,97,1800–1874,Barbara Bodichon,United Kingdom,1827,1891,,[19][52],,1827,Q2370725,0.0
98,98,98,1800–1874,Laura Borden,Canada,1861,1940,President of the Local Council of Women of Halifax,,,1861,Q6498719,0.0
99,99,99,1800–1874,Lily Braun,Germany,1865,1916,,[19],,1865,Q71372,0.0
100,100,100,1800–1874,Fredrika Bremer,Sweden,1801,1865,"Writer, feminist activist and pioneer of the organized women's rights 
movement in Sweden",[19],,1801,Q262145,0.0
102,102,102,1800–1874,Emilia Broomé,Sweden,1866,1925,,,,1866,Q4940821,0.0
104,104,104,1800–1874,Katharine Bushnell,United States,1856,1946,,,,1856,Q6376169,0.0
105,105,105,1800–1874,Josephine Butler,United Kingdom,1828,1906,,[19],,1828,Q225863,0.0
106,106,106,1800–1874,Pancha Carrasco,Costa Rica,1826,1890,,[19],,1826,Q5864901,0.0
107,107,107,1800–1874,Frances Jennings Casement,United States,1840,1928,Suffragette,,,1840,Q5478757,0.0
108,108,108,1800–1874,Carrie Chapman Catt,United States,1859,1947,"Suffrage leader, president of the National American Woman Suffrage 
Association, founder of League of Women Voters and the International 
Alliance of Women",[19][25],,1859,Q270207,317.7142857142857
109,109,109,1800–1874,Maria Cederschiöld,Sweden,1856,1935,Suffragette,,,1856,Q4942412,0.0
111,111,111,1800–1874,Mary Agnes Chase,United States,1869,1963,Socialist feminist; suffragist,,,1869,Q3822242,0.0
112,112,112,1800–1874,Ada Nield Chew,United Kingdom,1870,1945,Suffragette,,,1870,Q4678284,0.0
114,114,114,1800–1874,Alice Clark,United Kingdom,1874,1934,,,,1874,Q4726150,0.0
115,115,115,1800–1874,Helen Bright Clark,United Kingdom,1840,1972,Suffragette,,,1840,Q16030556,0.0
116,116,116,1800–1874,Florence Claxton,United Kingdom,1840,1879,,,,1840,Q5460587,0.0
118,118,118,1800–1874,Mary Ann Colclough,New Zealand,1836,1885,Feminist; social reformer,,,1836,Q16062917,0.0
120,120,120,1800–1874,Marguerite Coppin,Belgium,1867,1931,Woman poet laureate of Belgium and advocate of women's rights,,,1867,Q15407112,0.0
121,121,121,1800–1874,Ida Crouch-Hazlett,United States,1870,1941,Socialist feminist; suffragist,,,1870,Q13562261,0.0
125,125,125,1800–1874,Voltairine de Cleyre,United States,1866,1912,Individualist feminist; anarcha-feminist,[35],,1866,Q235361,0.0
127,127,127,1800–1874,Augustine De Rothmaler,Belgian,1859,1942,"Pedagogue, feminist",,,1859,Q41793283,0.0
130,130,130,1800–1874,Draga Dejanović,Serbia,1840,1871,,[66],,1840,Q19629438,0.0
131,131,131,1800–1874,Josefina Deland,Sweden,1814,1890,"Writer, teacher, founded Society for Retired Female Teachers",,,1814,Q4944490,0.0
132,132,132,1800–1874,Maria Deraismes,France,1828,1894,,[64],,1828,Q449513,0.0
133,133,133,1800–1874,Jeanne Deroin,France,1805,1894,,[19],,1805,Q2607147,0.0
135,135,135,1800–1874,Wilhelmina Drucker,Netherlands,1847,1925,"First wave feminist, political activist and writer",[67],,1847,Q462002,0.0
137,137,137,1800–1874,Marguerite Durand,France,1864,1936,Suffragette,[68],,1864,Q291239,0.0
138,138,138,1800–1874,Friedrich Engels,Germany,1820,1895,Communist; male,[25],,1820,Q34787,342.14285714285717
139,139,139,1800–1874,Emily Faithfull,United Kingdom,1835,1895,,,,1835,Q4947472,0.0
142,142,142,1800–1874,Anna Filosofova,Russia,1837,1912,Early Russian woman's rights activist,,,1837,Q4767002,0.0
143,143,143,1800–1874,Louise Flodin,Sweden,1828,1923,,,,1828,Q4948326,0.0
144,144,144,1800–1874,Mary Sargant Florence,United Kingdom,1857,1954,Suffragette,,,1857,Q6780677,0.0
145,145,145,1800–1874,Isabella Ford,United Kingdom,1855,1924,Socialist feminist; suffragette,,,1855,Q15437100,0.0
146,146,146,1800–1874,Margaret Fuller,United States,1810,1850,"Transcendentalist, critic, advocate for women's education, author of *Woman 
in the Nineteenth Century*",[25],,1810,Q257953,126.85714285714286
147,147,147,1800–1874,Matilda Joslyn Gage,United States,1826,1898,"Suffragist, editor, writer, organizer",[17],,1826,Q3119366,133.85714285714286
148,148,148,1800–1874,Marie-Louise Gagneur,France,1832,1902,Feminist writer,[69],,1832,Q15079622,0.0
149,149,149,1800–1874,Eliza Gamble,United States,1841,1820,Intellectual and an advocate of the Women's Movement,[70],,1841,Q5362137,0.0
150,150,150,1800–1874,William Lloyd Garrison,United States,1805,1879,"Abolitionist, journalist, organizer, advocate",[25],,1805,Q360155,245.71428571428572
152,152,152,1800–1874,Désirée Gay,France,1810,1891,Socialist feminist,[71],,1810,Q3045216,0.0
153,153,153,1800–1874,Charlotte Perkins Gilman,United States,1860,1935,Ecofeminist,[25],,1860,Q287752,128.0
154,154,154,1800–1874,Wil van Gogh,Netherlands,1862,1941,,,,1862,Q4140958,0.0
155,155,155,1800–1874,Emma Goldman,United Kingdom,1869,1940,"Individualist feminist; Russian-American campaigner for birth control and 
other rights",[19][25][35],,1869,Q79969,452.14285714285717
156,156,156,1800–1874,Vida Goldstein,Australia,1869,1949,"Early Australian feminist politician; first woman in the British Empire to 
stand for election to a national parliament",[19],,1869,Q7927635,0.0
157,157,157,1800–1874,Grace Greenwood,United States,1823,1904,"First woman reporter on the *New York Times* payroll, advocate for social 
reform and women's rights",,,1823,Q7421664,0.0
158,158,158,1800–1874,Angelina Emily Grimké,United States,1805,1879,First-wave feminist; Woman Suffrage advocate,[25][35],First-wave,1805,Q2849426,0.0
159,159,159,1800–1874,Bella Guerin,Australia,1858,1923,Socialist feminist; first woman to graduate from an Australian university,,,1858,Q4883360,0.0
160,160,160,1800–1874,Marianne Hainisch,Austria,1839,1936,Proponent of women's right to work and to receive education,,,1839,Q87555,0.0
161,161,161,1800–1874,Marion Coates Hansen,United Kingdom,1870,1947,Suffragette,,,1870,Q6765125,0.0
162,162,162,1800–1874,Jane Ellen Harrison,United Kingdom,1850,1928,,,,1850,Q437675,0.0
163,163,163,1800–1874,Anna Haslam,Ireland,1829,1922,"Major figure in early women's movement in Ireland, founded the Dublin 
Women's Suffrage Association",,,1829,Q4767071,0.0
164,164,164,1800–1874,Anna Hierta-Retzius,Sweden,1841,1924,Women's rights activist and philanthropist,,,1841,Q4767080,0.0
166,166,166,1800–1874,Marie Hoheisel,Austria,1873,1947,Women's rights activist. Chair of Austrian Mothers' Day Committee,,,1873,Q1897372,0.0
167,167,167,1800–1874,Laurence Housman,United Kingdom,1865,1959,Socialist feminist,,,1865,Q2884308,0.0
168,168,168,1800–1874,Julia Ward Howe,United States,1819,1910,"Suffragist, writer, organizer",,,1819,Q241299,104.42105263157895
169,169,169,1800–1874,Louisa Hubbard,United Kingdom,1836,1906,,,,1836,Q4401650,0.0
170,170,170,1800–1874,Aletta Jacobs,Netherlands,1854,1929,,[17],,1854,Q463478,0.0
173,173,173,1800–1874,Grace Kimmins,United Kingdom,1871,1954,,[*citation needed*],,1871,Q5591244,0.0
174,174,174,1800–1874,Anna Kingsford,United Kingdom,1846,1888,Ecofeminist,,,1846,Q466175,0.0
175,175,175,1800–1874,Toshiko Kishida,Japan,1863,1901,,[19],,1863,Q521066,0.0
176,176,176,1800–1874,Evgenia Konradi,Russian Empire,1838,1898,"Socialist feminist, writer, essayist",[72],,1838,Q4231221,0.0
179,179,179,1800–1874,Louisa Lawson,Australia,1848,1920,Suffragette; radical pro-republican federalist; author and publisher,[17],,1848,Q541929,0.0
180,180,180,1800–1874,Mary Lee,"Australia, Ireland",1821,1909,Reformer,,,1821,Q6780069,0.0
181,181,181,1800–1874,Anna Leonowens,"United Kingdom, India",1831,1915,"Travel writer, educator, social activist",,,1831,Q234244,183.57142857142858
182,182,182,1800–1874,Fredrika Limnell,Sweden,1816,1897,,,,1816,Q4962236,0.0
183,183,183,1800–1874,Mary Livermore,United States,1820,1905,"Women's rights journalist, suffragist",,,1820,Q6780099,0.0
185,185,185,1800–1874,Margaret Bright Lucas,United Kingdom,1818,1890,Suffragette,,,1818,Q6759209,0.0
186,186,186,1800–1874,Christian Maclagan,United Kingdom,1811,1901,,,,1811,Q5109875,0.0
187,187,187,1800–1874,Kitty Marion,United Kingdom,1871,1944,Socialist feminist; suffragette,,,1871,Q6418585,0.0
188,188,188,1800–1874,Harriet Martineau,United Kingdom,1802,1876,,,,1802,Q234570,112.14285714285714
189,189,189,1800–1874,Eleanor Marx,United Kingdom,1855,1898,Socialist feminist,,,1855,Q61412,217.1875
190,190,190,1800–1874,Rosa Mayreder,Austria,1858,1938,,[17],,1858,Q89520,0.0
191,191,191,1800–1874,Nellie McClung,Canada,1873,1951,Feminist and suffragist; part of The Famous Five,,,1873,Q460191,0.0
193,193,193,1800–1874,Louise Michel,France,1830,1905,anarcha-feminist,[32],,1830,Q216092,0.0
194,194,194,1800–1874,Harriet Taylor Mill,United Kingdom,1807,1858,Early pioneer feminist,[35],,1807,Q240782,0.0
195,195,195,1800–1874,John Stuart Mill,United Kingdom,1806,1873,Early Pioneer,[25][35],,1806,Q50020,332.2857142857143
196,196,196,1800–1874,Hannah Mitchell,United Kingdom,1872,1956,Socialist feminist; suffragette,,,1872,Q5648904,0.0
197,197,197,1800–1874,Katti Anker Møller,Norway,1868,1945,First-wave feminist,[35],First-wave,1868,Q522292,0.0
198,198,198,1800–1874,Agda Montelius,Sweden,1850,1920,"Feminist; suffragette; philanthropist, chairman of the 
Fredrika-Bremer-förbundet",,,1850,Q4691673,0.0
199,199,199,1800–1874,Anna Maria Mozzoni,Italy,1837,1920,First-wave feminist; suffragette,[35],First-wave,1837,Q2809294,0.0
200,200,200,1800–1874,Flora Murray,United Kingdom,1869,1923,Suffragette,,,1869,Q4794074,0.0
201,201,201,1800–1874,Clarina I. H. Nichols,United States,1810,1885,First-wave feminist; suffragist,[35],First-wave,1810,Q5126966,0.0
203,203,203,1800–1874,Louise Otto-Peters,Germany,1819,1895,,[73][74],,1819,Q71507,0.0
204,204,204,1800–1874,Emmeline Pankhurst,United Kingdom,1858,1928,"Suffragette; one of the founders and the leader of the British suffragette 
movement",[25],,1858,Q211519,132.0
206,206,206,1800–1874,Madeleine Pelletier,France,1874,1939,French feminist; First-wave feminist; Socialist feminist,[35],First-wave,1874,Q528793,0.0
207,207,207,1800–1874,Gabrielle Petit,France,1860,1952,"feminist activist, anticlerical, libertarian socialist",,,1860,Q18221958,0.0
208,208,208,1800–1874,Wendell Phillips,United States,1811,1884,"Abolitionist, orator, lawyer",,,1811,Q530310,0.0
210,210,210,1800–1874,Eugénie Potonié-Pierre,France,1844,1898,,[32],,1844,Q5408602,0.0
211,211,211,1800–1874,Eleanor Rathbone,United Kingdom,1872,1946,,[17],,1872,Q333992,0.0
212,212,212,1800–1874,Élisabeth Renaud,France,1846,1932,Co-founder Groupe Feministe Socialiste,[75],,1846,Q42562581,0.0
213,213,213,1800–1874,Dorothy Richardson,United Kingdom,1873,1957,,,,1873,Q447268,0.0
214,214,214,1800–1874,Edith Rigby,United Kingdom,1872,1948,Suffragette,,,1872,Q5338655,0.0
215,215,215,1800–1874,Bessie Rischbieth,Australia,1874,1967),"Earliest female appointed to any court; early activist against the practice 
of taking Aboriginal children from their mothers",,,1874,Q4896491,0.0
216,216,216,1800–1874,Eliza Ritchie,Canada,1856,1933,"Prominent suffragist, executive member of the Local Council of Women of 
Halifax",,,1856,Q16029242,0.0
217,217,217,1800–1874,Harriet Hanson Robinson,United States,1825,1911,,[25],,1825,Q16043789,0.0
218,218,218,1800–1874,Pauline Roland,France,1805,1852,,[35],,1805,Q925862,0.0
220,220,220,1800–1874,Ernestine Rose,"United States, Russia-Poland",1810,1892,Suffragette,[25],,1810,Q455845,0.0
221,221,221,1800–1874,Hilda Sachs,Sweden,1857,1935,"Journalist, writer and feminist",,,1857,Q4976415,0.0
222,222,222,1800–1874,George Sand,France,1804,1876,Early pioneer feminist,[25][35],,1804,Q3816,297.7142857142857
223,223,223,1800–1874,Anna Sandström,Sweden,1854,1931,Educational reformer,,,1854,Q4976947,0.0
224,224,224,1800–1874,Auguste Schmidt,Germany,1833,1902,,[76],,1833,Q89677,0.0
225,225,225,1800–1874,Olive Schreiner,South Africa,1855,1920,,,,1855,Q151180,0.0
226,226,226,1800–1874,Rose Scott,Australia,1847,1925,Suffragette,,,1847,Q7367933,0.0
228,228,228,1800–1874,Kate Sheppard,New Zealand,1848,1934,"Influential in winning voting rights for women in 1893 (the first country 
and national election in which women were allowed to vote)",[17],,1848,Q455072,0.0
229,229,229,1800–1874,Tarabai Shinde,India,1850,1910,,,,1850,Q55750,0.0
231,231,231,1800–1874,Eleanor Mildred Sidgwick,United Kingdom,1845,1936,,,,1845,Q1156193,0.0
233,233,233,1800–1874,Anna Garlin Spencer,United States,1851,1931,,[25],,1851,Q4767026,0.0
234,234,234,1800–1874,Elizabeth Cady Stanton,United States,1815,1902,"Social activist, abolitionist, suffragist, organizer of the 1848  Women's 
Rights Convention, co-founder of the National Woman Suffrage Association 
and the International Council of Women",[25],,1815,Q465335,210.42857142857142
235,235,235,1800–1874,Anna Sterky,"Sweden, Denmark",1856,1939,,[77],,1856,Q4767510,0.0
236,236,236,1800–1874,Helene Stöcker,Germany,1869,1943,,[74],,1869,Q72913,0.0
237,237,237,1800–1874,Milica Stojadinović-Srpkinja,Serbia,1828,1878,Feminist; war correspondent; writer; poet,[78],,1828,Q1254483,0.0
238,238,238,1800–1874,Lucy Stone,United States,1818,1893,"Orator, organizer of the first National Women's Rights Convention, founder 
of the *Woman's Journal*, and first recorded American woman to retain her 
surname after marriage",[25],,1818,Q452281,144.5625
240,240,240,1800–1874,Helena Swanwick,United Kingdom,1864,1939,Suffragette,,,1864,Q1579999,0.0
241,241,241,1800–1874,Frances Swiney,United Kingdom,1847,1922,Suffragette,,,1847,Q5478972,0.0
242,242,242,1800–1874,Táhirih,Iran,1814/17,1852,"Bábí poet, theologian, and proponent of women's rights in 19th-century Iran",[17],,1814/17,Q255221,0.0
243,243,243,1800–1874,Caroline Testman,Denmark,1839,1919,Co-founder of the Dansk Kvindesamfund,,,1839,Q5045234,0.0
245,245,245,1800–1874,"Sybil Thomas, Viscountess Rhondda",United Kingdom,1857,1941,Suffragette,,,1857,Q7659535,0.0
246,246,246,1800–1874,Flora Tristan,France,1803,1844,Socialist feminist,[17],,1803,Q254068,0.0
247,247,247,1800–1874,Harriet Tubman,United States,1820,1913,First-wave feminist,[35],First-wave,1820,Q102870,3404.5714285714284
248,248,248,1800–1874,Thorstein Veblen,United States,1857,1929,Economist; sociologist; male,[25],,1857,Q73646,163.14285714285714
249,249,249,1800–1874,Alice Vickery,United Kingdom,1844,1929,"Physician, supporter of birth control as means of emancipation of women",[79],,1844,Q16030213,0.0
252,252,252,1800–1874,Anna Whitlock,Sweden,1852,1930,"Feminist, suffragette; school pioneer, journalist",,,1852,Q4767613,0.0
253,253,253,1800–1874,Karolina Widerström,Sweden,1856,1949,Suffragette,,,1856,Q4110625,0.0
255,255,255,1800–1874,Charlotte Wilson,United Kingdom,1854,1944,radical feminist,,,1854,Q5086196,0.0
256,256,256,1800–1874,Victoria Woodhull,United States,1838,1927,"First-wave feminist; suffragist, organizer, innovator, first woman to run 
for U.S. presidency",[25][35],First-wave,1838,Q260378,137.57142857142858
257,257,257,1800–1874,Frederick Douglass,United States,c. 1818,1895,Male suffragist,[25],,c. 1818,Q215562,1521.2857142857142
258,258,258,1800–1874,Caroline Kauffmann,France,c. 1840s,1924,,[19],,c. 1840s,Q19606974,0.0
259,259,259,1800–1874,Natalie Zahle,Denmark,1827,1913,Working for women's right to education.,[80],,1827,Q3380326,0.0
260,260,260,1800–1874,Puah Rakovsky,Poland - Israel,1865,1955,Empowerment of women,[81],,1865,Q3410399,0.0
261,261,261,1875–1939,Bella Abzug,United States,1920,1998,Second-wave feminist,[19],Second-wave,1920,Q464724,165.85714285714286
263,263,263,1875–1939,Madeleine Albright,"United States, Czechoslovakia",1937,2022,"64thUnited States Secretary of State, and at the time, the highest ranking 
woman in US history. She is a staunch supporter of the feminist cause.",,,1937,Q174438,628.7142857142857
264,264,264,1875–1939,Wim Hora Adema,Netherlands,1914,1998,Second-wave feminist; radical feminist,[82],Second-wave,1914,Q8023480,0.0
265,265,265,1875–1939,Anna Caspari Agerholt,Norway,1892,1943,"Educator on women's rights with Norwegian National Women's Council, women's 
movement historian",[83],,1892,Q4934286,0.0
266,266,266,1875–1939,Alan Alda,United States,1936,–,,[84],,1936,Q310394,6399.857142857143
267,267,267,1875–1939,Dolores Alexander,United States,1931,2008,Anti-pornography feminist,[85],,1931,Q5289502,0.0
268,268,268,1875–1939,Maya Angelou,United States,1928,2014,Civil rights activist,[19],,1928,Q19526,1314.857142857143
269,269,269,1875–1939,Margery Corbett Ashby,United Kingdom,1882,1981,Suffragette,[20],,1882,Q528986,0.0
270,270,270,1875–1939,Ksenija Atanasijević,Serbia,1894,1981,Suffragette; philosopher; first PhD in a Serbian university,,,1894,Q1255843,0.0
271,271,271,1875–1939,Ti-Grace Atkinson,United States,1938,–,Second-wave feminist,[19][35][85],Second-wave,1938,Q3527967,0.0
272,272,272,1875–1939,Margaret Atwood,Canada,1939,–,Third-wave feminist,[19][35],Third-wave,1939,Q183492,567.5714285714286
274,274,274,1875–1939,Eva Bacon,Australia,1909,1994,Feminist and Socialist,,,1909,Q5415007,0.0
275,275,275,1875–1939,Margot Badran,Australia,1936,-,Writer on Islamic feminism,[86],,1936,Q84601657,0.0
276,276,276,1875–1939,Faith Bandler,Australia,1918,2015,Feminist and civil rights activist,,,1918,Q544874,0.0
278,278,278,1875–1939,Thelma Bate,Australia,1904,1984,"Community leader, advocate for inclusion of Aboriginal women in Country 
Women's Association",,,1904,Q7781049,0.0
279,279,279,1875–1939,Rosalyn Baxandall,United States,1939,2015,Second-wave feminist; radical feminist; New York Radical Women,,Second-wave,1939,Q20740610,0.0
280,280,280,1875–1939,Mary Ritter Beard,United States,1876,1958,Feminist; historian,[19][25],,1876,Q6780609,0.0
281,281,281,1875–1939,Joan Beauchamp,United Kingdom,1890,1964,Suffragette,,,1890,Q3379167,0.0
282,282,282,1875–1939,Kay Beauchamp,United Kingdom,1899,1992,,,,1899,Q6380153,0.0
283,283,283,1875–1939,Simone de Beauvoir,France,1908,1986,Second-wave feminist; philosopher; writer,[19][35],Second-wave,1908,Q7197,563.4285714285714
284,284,284,1875–1939,Helen Bentwich,United Kingdom,1892,1972,,[87],,1892,Q5701866,0.0
285,285,285,1875–1939,Ione Biggs,United States,1916,2005,Advocate for human rights and world peace,[88],,1916,Q136664019,0.0
286,286,286,1875–1939,Rosa May Billinghurst,United Kingdom,1875,1953,Suffragette,[52],,1875,Q7367088,0.0
287,287,287,1875–1939,Teresa Billington-Greig,United Kingdom,1877,1964,Suffragette,[52],,1877,Q7702100,0.0
290,290,290,1865–1964,Jeanne Bouvier,France,1865,1964,Feminist; trade unionist,[90],,1865,Q23575382,0.0
291,291,291,1875–1939,Elsie Bowerman,United Kingdom,1889,1973,Suffragette,[52],,1889,Q5367574,0.0
293,293,293,1875–1939,Stella Browne,Canada,1880,1955,Socialist feminist,,,1880,Q3498127,0.0
294,294,294,1875–1939,Susan Brownmiller,United States,1935,–,Second-wave feminist; anti-pornography feminist; radical feminist,[35][85],Second-wave,1935,Q434521,0.0
296,296,296,1875–1939,Lucy Burns,United States,1879,1966,Suffragette; suffragist and women's rights activist,,,1879,Q451583,157.42857142857142
297,297,297,1875–1939,Karlyn Kohrs Campbell,United States,1937,–,,[19],,1937,Q6372630,0.0
298,298,298,1875–1939,Clara Campoamor,Spain,1888,1972,"Suffragette, politician",[19][91][92],,1888,Q3321142,0.0
299,299,299,1875–1939,Luisa Capetillo,Puerto Rico,1879,1922,Puerto Ricanlabor union suffragette; jailed for wearing pants in public,[19],,1879,Q515625,0.0
300,300,300,1875–1939,Liz Carpenter,United States,1920,2010,,,,1920,Q6660071,0.0
301,301,301,1875–1939,Elvia Carrillo Puerto,Mexico,1878,1967,,[19],,1878,Q600097,0.0
302,302,302,1875–1939,Florence Fernet-Martel,Canada,1892,1986,"Second-wave feminist; suffragette; educator, mostly active in Quebec",[93],Second-wave,1892,Q3073969,0.0
303,303,303,1875–1939,Thérèse Casgrain,Canada,1896,1981,"Second-wave feminist; suffragette; politician and senator, mostly active in 
Quebec",[19][35],Second-wave,1896,Q526198,0.0
305,305,305,1875–1939,Enid Charles,United Kingdom,1894,1972,Radical feminist,,,1894,Q5378861,0.0
306,306,306,1875–1939,Shirley St Hill Chisholm,United States,1924,2005,Second-wave feminist,[19],Second-wave,1924,Q239657,679.4285714285714
307,307,307,1875–1939,Hélène Cixous,France,1937,–,,[19][35],,1937,Q234964,0.0
309,309,309,1875–1939,Eva Cox,Australia,1938,–,Sociologist; long-time member of the Women's Electoral Lobby,,,1938,Q5415028,8.153846153846153
310,310,310,1875–1939,Jill Craigie,United Kingdom,1911,1999,Socialist feminist,,,1911,Q6192780,170.42857142857142
311,311,311,1875–1939,Minnie Fisher Cunningham,United States,1882,1964,,,,1882,Q6868800,0.0
312,312,312,1875–1939,Thelma Dailey-Stout,United States,1918,2005,Civil rights activist and organizer,,,1918,Q66462466,0.0
313,313,313,1875–1939,Hamid Dalwai,India,1932,1977,Socialist feminist,,,1932,Q5644583,0.0
314,314,314,1875–1939,Mary Daly,United States,1928,2010,Second-wave feminist; Ecofeminist,[35],Second-wave,1928,Q241392,135.57142857142858
315,315,315,1875-1939,Hedy d'Ancona,Netherlands,1937,-,"Second-wave feminist, co-founder of Man Vrouw Maatschappij, sociologist, 
Minister of Health, Welfare and Culture (1989-1994), senator",,Second-wave,1937,Q2406653,0.0
316,316,316,1875–1939,Sonja Davies,New Zealand,1923,2005,Second-wave feminist,,Second-wave,1923,Q7561898,0.0
318,318,318,1875–1939,Agnes de Silva,Sri Lanka,1885,1961,Pioneered women's suffrage issues in Sri Lanka.,[19],,1885,Q23584804,0.0
320,320,320,1875–1939,Barbara Deming,United States,1917,1984,,,,1917,Q4858861,0.0
321,321,321,1875–1939,Ezlynn Deraniyagala,Sri Lanka,1908,1973,,[19],,1908,Q5423306,0.0
323,323,323,1875–1939,Betty Dodson,United States,1929,2020,Third-wave feminist; sex-positive feminist,[85],Third-wave,1929,Q850329,112.0
324,324,324,1875–1939,Sediqeh Dowlatabadi,Iran,1882,1962,Journalist and women's rights activist,,,1882,Q7445322,0.0
325,325,325,1875–1939,Carol Downer,United States,1933,2025,"Second-wave feminist; founder of women's self-help movement, feminist, 
author, health activist, attorney",[35],Second-wave,1933,Q5044304,0.0
326,326,326,1875–1939,Roxanne Dunbar-Ortiz,United States,1939,–,Radical feminist,,,1939,Q7372362,0.0
327,327,327,1875–1939,Crystal Eastman,United States,1881,1928,Socialist feminist,,,1881,Q4945589,0.0
329,329,329,1875–1939,Esther Eillam,Israel,1939,2023,"Second-wave feminist, Mizrahi feminist, major founder of Israel's feminist 
movement",,Second-wave,1939,Q6772337,0.0
330,330,330,1875–1939,Norah Elam,"United Kingdom, Ireland",1878,1961,Radical feminist; suffragette,,,1878,Q7050206,0.0
331,331,331,1875–1939,Cynthia Enloe,United States,1938,–,Second-wave feminist,,Second-wave,1938,Q5200058,0.0
332,332,332,1875–1939,Mohtaram Eskandari,Iran,1895,1924,"Woman's rights activist, founder of ""Jam'iat e nesvan e vatan-khah"" (Society 
of Patriotic Women",,,1895,Q6894509,0.0
333,333,333,1875–1939,Vilma Espín,Cuba,1930,2007,,[19],,1930,Q466662,122.42857142857143
334,334,334,1875–1939,Elizabeth Evatt,Australia,1933,–,"Legal reformist and juror; first Australian to be elected to the United 
Nations Human Rights Committee",,,1933,Q5362737,0.0
335,335,335,1875–1939,Myrlie Evers-Williams,United States,1933,–,Second-wave feminist,,Second-wave,1933,Q6948316,160.875
336,336,336,1875–1939,Leonora Eyles,United Kingdom,1889,1960,"Author, ""agony aunt""",,,1889,Q18783838,0.0
337,337,337,1875–1939,Lidia Falcón,Spain,1935,–,,[19],,1935,Q3080062,0.0
338,338,338,1875–1939,Frances Farrer,United Kingdom,1895,1977,,,,1895,Q5478640,0.0
339,339,339,1875–1939,Geraldine Ferraro,United States,1935,2011,,[19],,1935,Q229141,277.0
340,340,340,1875–1939,Ana Figuero,Chile,1908,1970,,[19],,1908,Q18645948,0.0
341,341,341,1875–1939,Marianne Githens,United States,1936,2018,"Political scientist, author",[97],,1936,Q50380111,0.0
342,342,342,1875–1939,Elizabeth Gurley Flynn,United States,1890,1964,Socialist feminist; suffragette,,,1890,Q463265,0.0
344,344,344,1875–1939,Gerald Ford,United States,1913,2006,Second-wave feminist,,Second-wave,1913,Q9582,2937.0
345,345,345,1875–1939,Miles Franklin,Australia,1879,1954,Feminist; writer,,,1879,Q984,0.0
346,346,346,1875–1939,Clara Fraser,United States,1923,1998,Second-wave feminist; radical feminist,,Second-wave,1923,Q5125986,0.0
347,347,347,1875–1939,Elisabeth Freeman,United States,1876,1942,"Suffragist and civil rights activist, participated in the Suffrage Hikes",,,1876,Q5361461,0.0
348,348,348,1875–1939,Marilyn French,United States,1929,2009,Second-wave feminist; radical feminist,[35],Second-wave,1929,Q271931,0.0
349,349,349,1875–1939,Betty Friedan,United States,1921,2006,Second-wave feminist; writer,[35],Second-wave,1921,Q234604,410.7142857142857
350,350,350,1875–1939,Carol Gilligan,United States,1936,–,Second-wave feminist,[35],Second-wave,1936,Q284025,0.0
351,351,351,1875–1939,Françoise Giroud,France,1916,2003,"Journalist, writer, politician",[*citation needed*],,1916,Q386438,0.0
352,352,352,1875–1939,Judy Goldsmith,United States,1938,–,President of the National Organization for Women (NOW) from 1982 to 1985,,,1938,Q6304464,0.0
353,353,353,1875–1939,Jane Goodall,United Kingdom,1934,2025,,,,1934,Q184746,1539.142857142857
354,354,354,1875–1939,Vivian Gornick,United States,1935,–,Radical feminist,[85],,1935,Q7937711,0.0
355,355,355,1875–1939,Lois Gould,United States,1931,2002,,,,1931,Q16015494,0.0
356,356,356,1875–1939,Jane Grant,United States,1892,1972,,,,1892,Q277757,0.0
357,357,357,1875–1939,Germaine Greer,Australia,1939,–,"Second-wave feminist, author of *The Female Eunuch*",,Second-wave,1939,Q103591,162.71428571428572
358,358,358,1875–1939,Colette Guillaumin,France,1934,2017,,,,1934,Q2982500,0.0
359,359,359,1875–1939,Tahar Haddad,Tunisia,1897,1935,Muslim feminist,,,1897,Q969533,0.0
360,360,360,1875–1939,Lizzy Lind af Hageby,Sweden,1878,1963,,,,1878,Q510439,0.0
361,361,361,1875–1939,Charlotte Haldane,United Kingdom,1894,1969,,,,1894,Q5085976,0.0
362,362,362,1875–1939,Gisèle Halimi,France,1927,2020,,,,1927,Q457705,0.0
363,363,363,1875–1939,Zaib-un-Nissa Hamidullah,India,1921,2000,Muslim feminist,,,1921,Q8064769,0.0
364,364,364,1875–1939,Bertha Harris,United States,1937,2005,Second-wave feminist,,Second-wave,1937,Q827708,0.0
365,365,365,1875–1939,Caroline Haslett,United Kingdom,1895,1957,,,,1895,Q41539,0.0
366,366,366,1875–1939,He Xiangning,China,1878,1972,"Revolutionary, feminist",,,1878,Q8248830,0.0
367,367,367,1875–1939,Dorothy Hewett,Australia,1923,2002,Second-wave feminist,,Second-wave,1923,Q201433,0.0
368,368,368,1875–1939,Nicole Hollander,United States,1939,–,,,,1939,Q7030082,0.0
369,369,369,1875–1939,Pak Hon-yong,South Korea,1900,1956,,,,1900,Q334297,0.0
370,370,370,1875–1939,Mary Howell,United States,1932,1998,,,,1932,Q6779804,0.0
371,371,371,1875–1939,Edith How-Martyn,United Kingdom,1875,1954,Suffragette,,,1875,Q5338572,0.0
372,372,372,1875–1939,Fatima Ahmed Ibrahim,Sudan,1933,2017,Muslim feminist,,,1933,Q1398131,0.0
374,374,374,1875–1939,Luce Irigaray,France,1930,–,,[35],,1930,Q28918,0.0
376,376,376,1875–1939,Selma James,"United States, United Kingdom",1930,–,"Social activist, co-founder of International Wages for Housework Campaign",,,1930,Q4160071,0.0
377,377,377,1875–1939,Sonia Johnson,United States,1936,–,,,,1936,Q7561716,0.0
378,378,378,1875–1939,Jill Johnston,United States,1929,2010,,,,1929,Q1688989,0.0
379,379,379,1875–1939,Claudia Jones,"United Kingdom, United States, Trinidad and Tobago",1915,1964,Marxist feminist,,,1915,Q5129197,0.0
381,381,381,1875–1939,Alice Jouenne,France,1873,1954,First-wave feminist,[99],First-wave,1873,Q99654420,0.0
382,382,382,1875–1939,Marie Juchacz,Germany,1879,1956,,[100],,1879,Q85820,0.0
384,384,384,1875–1939,Shidzue Katō,Japan,1897,2001,Second-wave feminist,[19],Second-wave,1897,Q534399,0.0
385,385,385,1875–1939,Joséphine Nyssens Keelhoff,Belgium,1833,1917,"Feminist, women's rights activist",[101],,1833,Q88466505,0.0
386,386,386,1875–1939,Aoua Kéita,Mali,1912,1980,,,,1912,Q537613,0.0
387,387,387,1875–1939,Florynce Kennedy,United States,1916,2000,Second-wave feminist,,Second-wave,1916,Q8564015,0.0
388,388,388,1875–1939,Annie Kenney,United Kingdom,1879,1953,Suffragette,,,1879,Q3618091,0.0
389,389,389,1875–1939,Yamakawa Kikue,Japan,1890,1980,Socialist feminist; anti-prostitution feminist,,,1890,Q10959455,0.0
390,390,390,1875–1939,Coretta Scott King,United States,1927,2006,Second-wave feminist,,Second-wave,1927,Q230969,916.0
391,391,391,1875–1939,Mabel Ping-Hua Lee,United States,1896,1966,Suffragist; first Chinese woman to earn a PhD from Columbia University,,,1896,Q50745528,0.0
392,392,392,1875–1939,Gerda Lerner,Austria,1920,2013,,,,1920,Q85102,0.0
393,393,393,1875–1939,Audre Lorde,United States,1934,1992,Third-wave feminist,[19],Third-wave,1934,Q463319,282.85714285714283
394,394,394,1875–1939,Mina Loy,United Kingdom,1882,1966,,,,1882,Q470063,0.0
395,395,395,1875–1939,Rae Luckock,Canada,1893,1972,Socialist feminist,,,1893,Q7281925,0.0
397,397,397,1875–1939,Agnes Macphail,Canada,1890,1954,,,,1890,Q4693080,0.0
398,398,398,1875–1939,Dora Marsden,United Kingdom,1882,1960,,,,1882,Q460349,0.0
399,399,399,1875–1939,Elizabeth Holloway Marston,United Kingdom,1893,1993,,,,1893,Q1331228,128.38888888888889
400,400,400,1875–1939,William Moulton Marston,United States,1893,1947,,,,1893,Q1388010,234.14285714285714
401,401,401,1875–1939,Nicole-Claude Mathieu,France,1937,2014,Empress French feminist; material feminist,[35],,1937,Q3340992,0.0
402,402,402,1875–1939,Else Mayer,Germany,1891,1962,First-wave feminist,[*citation needed*],First-wave,1891,Q5367496,0.0
403,403,403,1875–1939,Antonia Maymón,Spain,1881,1959,,,,1881,Q5697580,0.0
404,404,404,1875–1939,Carolyn Merchant,United States,1936,–,Ecofeminist,,,1936,Q2940097,0.0
405,405,405,1875–1939,Maria Mies,Germany,1931,2023,Ecofeminist; professor of sociology and author,[102],,1931,Q111452,0.0
406,406,406,1875–1939,Inez Milholland,United States,1886,1916,"Key participant in the National Woman's Party and the Woman Suffrage Parade 
of 1913",,,1886,Q3798454,160.85714285714286
407,407,407,1875–1939,Kate Millett,United States,1934,2017,Second-wave feminist,[35],Second-wave,1934,Q292268,111.625
408,408,408,1875–1939,Laure Moghaizel,Lebanon,1929,1997,Lebanese lawyer and women's rights advocate,,,1929,Q3218777,0.0
409,409,409,1875–1939,Florence Nagle,United Kingdom,1894,1988,Feminist; first woman in Britain to officially train racehorses.,[103],,1894,Q18355631,0.0
410,410,410,1875–1939,Diane Nash,United States,1938,–,"1960s Civil Rights Movement leader and organizer, voting rights proponent",,,1938,Q5271535,222.0
411,411,411,1875–1939,Malak Hifni Nasif,Egypt,1886,1918,Feminist writer,[104],,1886,Q542184,0.0
412,412,412,1875–1939,Anaïs Nin,"United States, France",1903,1977,,,,1903,Q220018,572.5714285714286
413,413,413,1875–1939,Helena Normanton,United Kingdom,1882,1957,,,,1882,Q5703674,0.0
414,414,414,1875–1939,Alexis Nour,Romania,1877,1940,,,,1877,Q4721502,0.0
415,415,415,1875–1939,Yoko Ono,"United States, Japan",1933,–,,,,1933,Q117012,2775.1428571428573
416,416,416,1875–1939,Alicia Ostriker,United States,1937,–,Third-wave feminist,,Third-wave,1937,Q21623,0.0
417,417,417,1875–1939,Grace Paley,United States,1922,2007,,,,1922,Q443966,179.42857142857142
418,418,418,1875–1939,Adela Pankhurst,United Kingdom,1885,1961,,,,1885,Q353769,0.0
419,419,419,1875–1939,Christabel Pankhurst,United Kingdom,1880,1958,Suffragette; co-founder and leader of the Women's Social and Political Union,,,1880,Q269863,0.0
420,420,420,1875–1939,Sylvia Pankhurst,United Kingdom,1882,1960,Suffragette,,,1882,Q298213,0.0
421,421,421,1875–1939,Frances Parker,United Kingdom,1875,1924,,,,1875,Q5478887,0.0
422,422,422,1875–1939,Alice Paul,United States,1885,1977,"One of the leaders of the 1910s Women's Voting Rights Movement for the 19th 
Amendment; founder of National Woman's Party, initiator of the Silent 
Sentinels and the 1913 Women's Suffrage Parade, author of the proposed Equal 
Rights Amendment",,,1885,Q127328,148.71428571428572
423,423,423,1875–1939,Eva Perón,Argentina,1919,1952,,[17],,1919,Q40933,1085.0
424,424,424,1875–1939,Frédérique Petrides,"United States, Belgium",1903,1983,"Feminist; pioneering orchestral conductor, activist and editor of *Women in 
Music*, a series of periodicals chronicling the activities of women in music",,,1903,Q5506733,0.0
425,425,425,1875–1939,Marion Phillips,United Kingdom,1881,1932,Suffragette,,,1881,Q6765333,0.0
426,426,426,1875–1939,Sylvia Plath,United States,1932,1963,,,,1932,Q133054,1691.857142857143
427,427,427,1875–1939,Val Plumwood,Australia,1939,2008,Ecofeminism,[105],,1939,Q7909128,0.0
428,428,428,1875–1939,Letty Cottin Pogrebin,United States,1939,–,,,,1939,Q4119536,0.0
429,429,429,1875–1939,Eileen Powell,Australia,1913,1997,"Trade unionist, women's activist and important contributor to the Equal Pay 
for Equal Work decision",,,1913,Q16013930,0.0
430,430,430,1875–1939,Millicent Preston-Stanley,Australia,1883,1955,"First female member of the NSW Legislative Assembly; campaigned for the 
custodial rights of mothers in divorce and women's healthcare",,,1883,Q6859556,0.0
432,432,432,1875–1939,Funmilayo Ransome-Kuti,Nigeria,1900,1978,Foremost Nigerian women's rights activist,,,1900,Q226122,247.14285714285714
433,433,433,1875–1939,Claire Rayner,United Kingdom,1931,2010,,,,1931,Q5125292,10.153846153846153
434,434,434,1875–1939,Adrienne Rich,United States,1929,2012,,,,1929,Q270705,109.44444444444444
435,435,435,1875–1939,Mary Richardson,United Kingdom,1889,1961,Suffragette,,,1889,Q2482677,0.0
436,436,436,1875–1939,Léa Roback,Canada,1903,2000,Feminist; workers' union activist tied with the communist party,,,1903,Q3270031,0.0
437,437,437,1875–1939,Hilary Rose,United Kingdom,1935,–,,,,1935,Q5761053,0.0
439,439,439,1875–1939,Florence Rush,United States,1918,2008,,,,1918,Q5460770,0.0
440,440,440,1875–1939,Joanna Russ,United States,1937,2011,Second-wave feminist,,Second-wave,1937,Q265270,0.0
441,441,441,1875–1939,Diana E. H. Russell,South Africa,1938,2020,Second-wave feminist; radical feminist;anti-pornography feminist,,Second-wave,1938,Q5271147,0.0
442,442,442,1875–1939,Dora Russell,United Kingdom,1894,1986,"Feminist; progressive campaigner, advocate of marriage reform, birth 
control and female emancipation",,,1894,Q4355033,0.0
443,443,443,1875–1939,Manuel Sacristán,Spain,1925,1985,Socialist feminist,,,1925,Q2576969,0.0
445,445,445,1875–1939,Idola Saint-Jean,Canada,1880,1945,Suffragette; journalist,,,1880,Q3147894,0.0
446,446,446,1875–1939,Celia Sánchez,Cuba,1920,1980,Early pioneer feminist,[35],,1920,Q441003,0.0
447,447,447,1875–1939,Ellen Sandelin,Sweden,1862,1907,"Physician, lecturer",,,1862,Q18245611,0.0
448,448,448,1875–1939,Flora Sandes,United Kingdom,1876,1956,Feminist Sgt. Major in Serbian Army,,,1876,Q12760643,0.0
449,449,449,1875–1939,Margaret Sanger,United States,1879,1966,"Socialist feminist; Founder of American Birth Control League; co-founder 
and long-time president of Planned Parenthood; writer, nurse",[25],,1879,Q285514,455.14285714285717
450,450,450,1875–1939,Milunka Savić,Serbia,1888,1973,"First European combatant, soldier, feminist",,,1888,Q6861607,155.28571428571428
451,451,451,1875–1939,Rosika Schwimmer,Hungary,1877,1948,"Pacifist, feminist, suffragist and diplomat",,,1877,Q853932,0.0
452,452,452,1875–1939,Barbara Seaman,United States,1935,2008,,,,1935,Q807635,0.0
455,455,455,1875–1939,Alix Kates Shulman,United States,1932,–,Radical feminist,,,1932,Q4727510,0.0
456,456,456,1875–1939,Ruth Simpson,United States,1926,2008,,,,1926,Q7383217,0.0
457,457,457,1875–1939,Monica Sjöö,Sweden,1938,2005,Ecofeminist,,,1938,Q4979030,0.0
458,458,458,1875–1939,Eleanor Smeal,United States,1939,–,"Second-wave feminist; organizer, initiator, president of NOW, founder and 
president of the Feminist Majority Foundation",,Second-wave,1939,Q3050533,0.0
459,459,459,1875-1939,Joke Smit,Netherlands,1933,1981,"Second-wave feminist; activist, seminal writer, co-founder of Man Vrouw 
Maatschappij",,Second-wave,1933,Q2492882,0.0
460,460,460,1875–1939,Valerie Solanas,United States,1936,1988,Radical feminist,,,1936,Q11093,379.2857142857143
461,461,461,1875–1939,Jo Spence,United Kingdom,1934,1992,,,,1934,Q4979820,0.0
462,462,462,1875–1939,Gloria Steinem,United States,1934,–,"Second-wave feminist; Socialist feminist; radical feminist; anti-pornography 
feminist; writer",,Second-wave,1934,Q231178,1027.0
463,463,463,1875–1939,Doris Stevens,United States,1892,1963,"Organizer for National American Women Suffrage Association and the National 
Woman's Party, prominent Silent Sentinels participant, author *Jailed for 
Freedom*",,,1892,Q3037079,0.0
464,464,464,1875–1939,Sandy Stone,United States,1936,–,"Transfeminist; Second-wave feminist; Theorist, author, and performance 
artist",,Second-wave,1936,Q740884,0.0
465,465,465,1875–1939,Marie Stopes,United Kingdom,1880,1958,,,,1880,Q442231,96.94117647058823
466,466,466,1875–1939,Mary Stott,United Kingdom,1907,2002,,,,1907,Q6780784,0.0
467,467,467,1875–1939,Jessie Street,Australia,1889,1970,"Suffragette, feminist; human rights campaigner; influential in labour 
rights and early days of UN",,,1889,Q1688285,0.0
470,470,470,1875–1939,Maya Surduts,France,1937,2016,"Human rights activist, feminist and reproductive rights campaigner",[107],,1937,Q23809742,0.0
471,471,471,1875–1939,Maria Svolou,Greece,1890s,1976,Socialist feminist,[108],,1890s,Q12880725,0.0
472,472,472,1875–1939,Elisabeth Tamm,Sweden,1880,1958,,,,1880,Q4981979,0.0
473,473,473,1875–1939,Mavis Tate,United Kingdom,1893,1947,,,,1893,Q6794266,0.0
474,474,474,1875–1939,Joan Kennedy Taylor,United States,1926,2005,,,,1926,Q6205187,0.0
477,477,477,1875–1939,Rini Templeton,United States,1935,1986,Socialist feminist,,,1935,Q7335041,0.0
478,478,478,1875–1939,Dorothy Thompson,United States,1893,1961,"Buffalo and New York suffragist, later an influential journalist and radio 
broadcaster",,,1893,Q275545,425.7142857142857
479,479,479,1875–1939,J. Ann Tickner,United States,1937,–,,,,1937,Q608112,0.0
480,480,480,1875–1939,Winifred Todhunter,United Kingdom,1877,1961,,,,1877,Q8025424,0.0
481,481,481,1875–1939,Jill Tweedie,United Kingdom,1936,1993,,,,1936,Q6193088,0.0
482,482,482,1875–1939,Mabel Vernon,United States,1883,1975,"Suffragist, principal member of the Congressional Union for Women Suffrage, 
major organizer for the Silent Sentinels",,,1883,Q13562542,0.0
483,483,483,1875–1939,Roosje Vos,The Netherlands,1876,1961,"Trade unionist, suffragist and politician",[109],,1876,Q2417514,0.0
484,484,484,1875–1939,Harriet Shaw Weaver,United Kingdom,1860,1932,Suffragette,,,1860,Q455830,0.0
485,485,485,1875–1939,Nesta Helen Webster,United Kingdom,1876,1960,,,,1876,Q449869,0.0
486,486,486,1875–1939,Louise Weiss,France,1893,1983,"Journalist, writer, politician",[110],,1893,Q274163,0.0
487,487,487,1875–1939,Trude Weiss-Rosmarin,"United States, Germany",1908,1989,,,,1908,Q7847247,0.0
488,488,488,1875–1939,Clara Wichmann,"Netherlands, Germany,",1885,1922,Radical feminist,,,1885,Q1095182,0.0
489,489,489,1875–1939,Audrey Wise,United Kingdom,1935,2000,,,,1935,Q4820193,0.0
490,490,490,1875–1939,Monique Wittig,France,1935,2003,,[111],,1935,Q263201,0.0
491,491,491,1875–1939,Nellie Wong,United States,1934,–,Socialist feminist,,,1934,Q6990155,0.0
492,492,492,1875–1939,Virginia Woolf,United Kingdom,1882,1941,First-wave feminist,[25][35],First-wave,1882,Q40909,1345.7142857142858
494,494,494,1875–1939,Molly Yard,United States,1912,2005,Second-wave feminist,,Second-wave,1912,Q436667,0.0
495,495,495,1875–1939,Adelina Zendejas,Mexico,1909,1993,Socialist feminist,[112],,1909,Q30099220,0.0
501,501,501,1940–1999,Lesley Abdela,United Kingdom,1945,–,Expert on women's rights and representation,[19],,1945,Q6530450,0.0
502,502,502,1940–1999,Patricia Monaghan,United States,1946,2012,Proponent of the American Goddess movement,[119],,1946,Q7145752,0.0
503,503,503,1940–1999,Brooke Ackerly,United States,1966,–,"Expert on feminist theory, feminist international relations, and scholar 
activism",[120][121][122],,1966,Q57756352,0.0
504,504,504,1940–1999,Carol J. Adams,United States,1951,–,Ecofeminist,[123],,1951,Q1044179,0.0
507,507,507,1940–1999,Leila Ahmed,Egypt,1940,–,Writer on Islamic feminism,[125],,1940,Q438645,0.0
508,508,508,1940–1999,Sara Ahmed,United Kingdom,1969,–,"British-Australian academic working at the intersection of feminist theory, 
queer theory, critical race theory and postcolonialism",,,1969,Q15437208,142.71428571428572
509,509,509,1940–1999,Widad Akrawi,Denmark,1969,–,"Writer and doctor, advocate for gender equality and women's empowerment and 
participation in peace building and post-conflict governance",[126],,1969,Q4120363,0.0
510,510,510,1940–1999,Linda Martín Alcoff,United States,1955,–,Philosopher at the City University of New York,[127],,1955,Q6551801,0.0
513,513,513,1940–1999,Isabel Allende,"Chile, United States",1942,–,Writer,[130],,1942,Q83566,606.4285714285714
514,514,514,1940–1999,Jane Alpert,United States,1947,–,Radical feminist,[131],,1947,Q6151099,0.0
515,515,515,1940–1999,Tori Amos,United States,1963,–,Third-wave feminist,,Third-wave,1963,Q193744,560.5714285714286
517,517,517,1940–1999,Maria Arbatova,USSR,1957,–,,,,1957,Q4068646,0.0
518,518,518,1940–1999,Parvin Ardalan,Iran,1967,–,Women's rights activist,,,1967,Q2622862,0.0
519,519,519,1940–1999,Judith Astelarra,Argentina,1943,–,Sociologist specializing in gender studies,,,1943,Q19803270,0.0
520,520,520,1940–1999,Élisabeth Badinter,France,1944,–,Dissident,[132][133],,1944,Q274309,264.42857142857144
521,521,521,1940–1999,Raquel Olea,Chile,1944,–,prominent figure of feminism in Chile,[134],,1944,Q55477558,0.0
522,522,522,1940–1999,Judi Bari,United States,1949,1997,Ecofeminist,[35],,1949,Q722143,213.14285714285714
523,523,523,1940–1999,Kathleen Barry,United States,1941,–,Anti-prostitution feminist,,,1941,Q6376657,0.0
524,524,524,1940–1999,Benedetta Barzini,Italy,1943,–,Radical feminist,,,1943,Q509239,0.0
525,525,525,1940–1999,Jennifer Baumgardner,United States,1970,–,Third-wave feminist,,Third-wave,1970,Q2133896,0.0
526,526,526,1940–1999,Alison Bechdel,United States,1960,–,"Cartoonist, author; creator of the Bechdel test",,,1960,Q435032,167.57142857142858
527,527,527,1940–1999,Melissa Benn,United Kingdom,1957,–,Third-wave feminist,[35],Third-wave,1957,Q6812643,0.0
528,528,528,1940–1999,Julie Bindel,United Kingdom,1962,–,Anti-pornography feminist,,,1962,Q6308046,109.28571428571429
529,529,529,1940–1999,Kat Blaque,United States,1990,–,"Transfeminist, Third-wave feminist, Vlogger",,Third-wave,1990,Q20810513,131.71428571428572
531,531,531,1940–1999,Dionne Brand,Canada,1953,–,,,,1953,Q543625,0.0
532,532,532,1940–1999,Giannina Braschi,Puerto Rico,1953,–,Third-wave feminist,,Third-wave,1953,Q452761,0.0
533,533,533,1940–1999,Johanna Brenner,United States,1942,–,Socialist feminist,,,1942,Q6216355,0.0
534,534,534,1940–1999,Susie Bright,United States,1958,–,Third-wave feminist; sex-positive feminism,[35],Third-wave,1958,Q1781103,130.0
535,535,535,1940–1999,Flora Brovina,Kosovo,1949,–,,,,1949,Q5460279,0.0
536,536,536,1940–1999,Rita Mae Brown,United States,1944,–,Second-wave feminist; radical feminist; Redstockings,[85],Second-wave,1944,Q242956,248.0
537,537,537,1940–1999,Carrie Brownstein,United States,1974,–,Third-wave feminist,,Third-wave,1974,Q2940239,909.8571428571429
538,538,538,1940–1999,Tammy Bruce,United States,1962,–,Dissident feminist,[35],,1962,Q541912,553.1428571428571
539,539,539,1940–1999,Charlotte Bunch,United States,1944,–,Second-wave feminist,,Second-wave,1944,Q5085869,0.0
540,540,540,1940–1999,Louise Burfitt-Dons,United Kingdom,1953,–,Conservative feminist,,,1953,Q6688655,0.0
541,541,541,1940–1999,Judith Butler,United States,1956,–,Third-wave feminist,[19][35],Third-wave,1956,Q219368,278.2857142857143
543,543,543,1940–1999,Lydia Cacho,Mexico,1963,–,,,,1963,Q262805,0.0
544,544,544,1940–1999,Beatrix Campbell,United Kingdom,1947,–,Second-wave feminist,,Second-wave,1947,Q3378561,0.0
545,545,545,1940–1999,Angela Carter,United Kingdom,1940,1992,Socialist feminist,[19],,1940,Q234519,109.0625
546,546,546,1940–1999,Ana Castillo,United States,1953,–,,,,1953,Q168269,0.0
547,547,547,1940–1999,Phyllis Chesler,United States,1940,–,"Feminist author, professor",[85],,1940,Q545465,0.0
548,548,548,1940–1999,Margaret Cho,United States,1968,–,Third-wave feminist,[35],Third-wave,1968,Q257243,676.8571428571429
549,549,549,1940–1999,Nancy Chodorow,United States,1944,–,,[19],,1944,Q598648,0.0
551,551,551,1940–1999,Hillary Clinton,United States,1947,–,,,,1947,Q6294,3292.714285714286
552,552,552,1940–1999,Kurt Cobain,United States,1967,1994,Feminist musician,,,1967,Q8446,4182.571428571428
553,553,553,1940–1999,Susan G. Cole,Canada,1952,–,Anti-pornography feminist,,,1952,Q7647857,0.0
554,554,554,1940–1999,Patricia Hill Collins,United States,1948,–,Third-wave feminist; Black feminist,,Third-wave,1948,Q465252,0.0
555,555,555,1940–1999,Sandra Coney,New Zealand,1944,–,Second-wave feminist,,Second-wave,1944,Q7416576,0.0
556,556,556,1940–1999,Noreen Connell,United States,1947,–,radical feminist,,,1947,Q7050927,0.0
557,557,557,1940–1999,Jeanne Córdova,United States,1948,2016,Second-wave feminist; lesbian and gay rights activist,,Second-wave,1948,Q6172050,26505.428571428572
559,559,559,1940–1999,Laverne Cox,United States,1972,–,Transfeminist,[136],,1972,Q6502596,1147.0
560,560,560,1940–1999,Bernadette Cozart,United States,1949,2009,Ecofeminist,[35],,1949,Q2452866,0.0
561,561,561,1940–1999,Nikki Craft,United States,1949,–,"Radical feminist; anti-pornography feminist; suffragist; one of the main 
organizers of the Suffrage Hikes",[35],,1949,Q3341527,0.0
562,562,562,1940–1999,Jean Curthoys,Australia,1947,–,Dissident,[35],,1947,Q15497853,0.0
563,563,563,1940–1999,Kimberly Dark,United States,1968,–,Third-wave feminist,,Third-wave,1968,Q6409914,0.0
564,564,564,1940–1999,Françoise David,Canada,1948,–,Feminist; politician,,,1948,Q3086459,0.0
565,565,565,1940–1999,Angela Davis,United States,1944,–,Second-wave feminist; Black feminist,[35],Second-wave,1944,Q160456,946.2857142857143
566,566,566,1940–1999,Geena Davis,United States,1956,–,"Actor, founder of Geena Davis Institute on Gender in Media",[137],,1956,Q280098,1751.5714285714287
567,567,567,1940–1999,Martha Davis,United States,1957,–,Third-wave feminist,,Third-wave,1957,Q6774379,0.0
569,569,569,1940–1999,Christine Delphy,France,1941,–,Socialist feminist; material feminist,[138],,1941,Q376066,0.0
570,570,570,1940–1999,Julie Delpy,France,1969,–,,[*citation needed*],,1969,Q110462,416.14285714285717
571,571,571,1940–1999,Mark Dery,United States,1959,–,Third-wave feminist; cyberfeminist,,Third-wave,1959,Q6767356,0.0
572,572,572,1940–1999,Ani DiFranco,United States,1970,–,Third-wave feminist,[35],Third-wave,1970,Q232462,378.2857142857143
573,573,573,1940–1999,Gail Dines,United Kingdom,1958,–,Anti-pornography feminist,,,1958,Q968276,0.0
574,574,574,1940–1999,Unity Dow,Botswana,1959,–,"Judge and writer; plaintiff in a case that allowed children of Motswana 
women and foreign men to be considered Batswana",,,1959,Q4945158,0.0
575,575,575,1940–1999,Carol Ann Duffy,United Kingdom,1955,–,,,,1955,Q237994,0.0
576,576,576,1940–1999,Andrea Dworkin,United States,1946,2005,Radical feminist; anti-prostitution feminist; anti-pornography feminist,[35][139],,1946,Q241398,202.71428571428572
577,577,577,1940–1999,Shirin Ebadi,Iran,1947,–,"Muslim feminist; activist, Nobel Peace Prize winner for her efforts for the 
rights of women and children",,,1947,Q131152,0.0
578,578,578,1940–1999,Barbara Ehrenreich,United States,1941,2022,Socialist feminist,,,1941,Q283659,108.70588235294117
580,580,580,1940-1999,Lindsay Ellis,United States,1984,–,Video Essayist,,,1984,Q57915865,213.42857142857142
581,581,581,1940–1999,Misako Enoki,Japan,1945,–,Second-wave feminist,[140],Second-wave,1945,Q11541870,0.0
582,582,582,1940–1999,Susan Faludi,United States,1959,–,Second-wave feminist,[35],Second-wave,1959,Q260900,0.0
583,583,583,1940–1999,Fadia Faqir,"United Kingdom, Jordan",1956,–,,,,1956,Q5429247,0.0
584,584,584,1940–1999,Melissa Farley,United States,1942,–,Second-wave feminist; radical feminist; anti-pornography feminist,[35],Second-wave,1942,Q4947642,0.0
585,585,585,1940–1999,Johanna Fateman,United States,1974,–,Third-wave feminist,,Third-wave,1974,Q3295283,0.0
587,587,587,1940–1999,Shulamith Firestone,Canada,1945,2012,"Second-wave feminist; radical feminist; Redstockings; New York Radical 
Feminists; New York Radical Women",[35],Second-wave,1945,Q271551,107.14285714285714
589,589,589,1940–1999,Jo Freeman,United States,1945,–,Second-wave feminist,[35],Second-wave,1945,Q2403438,0.0
590,590,590,1940–1999,Juliette Fretté,United States,1983,–,Sex-positive feminist,,,1983,Q892607,0.0
591,591,591,1940–1999,Marilyn Frye,United States,1941,–,,,,1941,Q13562998,0.0
592,592,592,1940–1999,Antonella Gambotto-Burke,Australia and Great Britain,1965,–,Fourth-wave feminist,,,1965,Q4776129,0.0
593,593,593,1940–1999,Lindsey German,United Kingdom,1951,–,,,,1951,Q6552879,0.0
594,594,594,1940–1999,Tavi Gevinson,United States,1996,–,Third-wave feminist,,Third-wave,1996,Q443207,171.85714285714286
596,596,596,1940–1999,Stan Goff,United States,1951,–,Socialist feminist,,,1951,Q7597658,0.0
597,597,597,1940–1999,Lucy Goodison,United Kingdom,c. 1940s,–,,,,c. 1940s,Q6698323,0.0
598,598,598,1940–1999,Heide Göttner-Abendroth,Germany,1941,–,Second-wave feminist,[141],Second-wave,1941,Q109525,0.0
599,599,599,1940–1999,John Green,United States,1977,–,,[142],,1977,Q630446,1865.857142857143
600,600,600,1940–1999,Susan Griffin,United States,1943,–,Ecofeminist; anti-pornography feminist,,,1943,Q7647892,0.0
601,601,601,1940–1999,Miss Major Griffin-Gracy,United States,1940,–,Transfeminist,,,1940,Q18001222,0.0
602,602,602,1940–1999,Emily Haines,Canada,1974,–,Third-wave feminist,,Third-wave,1974,Q458978,170.71428571428572
603,603,603,1940–1999,Daphne Hampson,United Kingdom,1944,–,,,,1944,Q5221610,0.0
604,604,604,1940–1999,Kathleen Hanna,United States,1968,–,Third-wave feminist; riot grrrl,,Third-wave,1968,Q242608,466.85714285714283
605,605,605,1940–1999,Donna Haraway,United States,1944,–,Second-wave feminist; Socialist feminist,[35],Second-wave,1944,Q253407,111.2
606,606,606,1940–1999,Nancy Hartsock,United States,1943,2015,Second-wave feminist,,Second-wave,1943,Q12811081,0.0
607,607,607,1940–1999,Rosemary Hennessy,United States,1950,–,Material feminist,,,1950,Q7368375,0.0
608,608,608,1940–1999,Shere Hite,Germany,1942,2020,,,,1942,Q64397,194.42857142857142
609,609,609,1940–1999,Sarah Hoagland,United States,1945,–,Anti-pornography feminist,[143],,1945,Q7422394,0.0
611,611,611,1940–1999,Gillian Howie,United Kingdom,1955,2013,,,,1955,Q16190564,0.0
612,612,612,1940–1999,Donna M. Hughes,United States,1954,–,Third-wave feminist; cyberfeminist; anti-pornography feminist,,Third-wave,1954,Q5296399,0.0
613,613,613,1940–1999,Holly Hunter,United States,1958,–,Third-wave feminist,,Third-wave,1958,Q105660,1515.5714285714287
614,614,614,1940–1999,Anna Hutsol,UKR,1984,–,FEMEN,,,1984,Q553943,0.0
615,615,615,1940–1999,Stevi Jackson,United Kingdom,1951,–,Material feminist,,,1951,Q7615562,0.0
616,616,616,1940–1999,Karla Jay,United States,1947,–,,,,1947,Q533897,0.0
617,617,617,1940–1999,Kirthi Jayakumar,India,1987,–,Intersectional Feminist,[144],,1987,Q26436187,0.0
618,618,618,1940–1999,Sheila Jeffreys,Australia,1948,–,Second-wave feminist; anti-pornography feminist,,Second-wave,1948,Q4894592,164.42857142857142
620,620,620,1940–1999,Joan Jett,United States,1958,–,Third-wave feminist,,Third-wave,1958,Q231106,2190.4285714285716
621,621,621,1940–1999,Claire Johnston,United Kingdom,1940,1987,,,,1940,Q1094810,0.0
622,622,622,1940–1999,Miranda July,United States,1974,–,Third-wave feminist,,Third-wave,1974,Q256671,216.14285714285714
623,623,623,1940–1999,Mohja Kahf,Syria,1967,–,Muslim feminist,,,1967,Q6894232,0.0
624,624,624,1940–1999,Sheema Kalbasi,Iran,1972,–,Writer and advocate for human rights and gender equality,,,1972,Q4994679,0.0
625,625,625,1940–1999,Wendy Kaminer,United States,1949,–,Sex-positive feminist,,,1949,Q3567250,0.0
626,626,626,1940–1999,Marcelle Karp,United States,1964,–,Third-wave feminist; sex-positive feminist,,Third-wave,1964,Q15497216,0.0
627,627,627,1940–1999,Roz Kaveney,United Kingdom,1949,–,"Transfeminist; Writer, critic, and poet",,,1949,Q7375302,0.0
629,629,629,1940–1999,Lierre Keith,United States,1964,–,Anti-pornography feminist; Radical feminist,,,1964,Q6544234,0.0
630,630,630,1940–1999,Petra Kelly,Germany,1947,1992,Ecofeminist,[19],,1947,Q61227,0.0
631,631,631,1940–1999,Jean Kilbourne,United States,1943,–,Third-wave feminist,,Third-wave,1943,Q14946773,0.0
632,632,632,1940–1999,Grace Ji-Sun Kim,"United States, South Korea",1969,–,Third-wave feminist,,Third-wave,1969,Q5591230,0.0
633,633,633,1940–1999,Sirje Kingsepp,Estonia,1969,–,Socialist feminist,,,1969,Q7530450,0.0
634,634,634,1940–1999,Barbara Kingsolver,United States,1955,–,Third-wave feminist,,Third-wave,1955,Q1264643,763.5714285714286
636,636,636,1940–1999,Bonnie Sherr Klein,United States,1941,–,Anti-pornography feminist,,,1941,Q4942441,0.0
637,637,637,1940–1999,Naomi Klein,Canada,1970,–,Socialist feminist,,,1970,Q236606,361.14285714285717
638,638,638,1940–1999,Anne Koedt,United States,1941,–,"Second-wave feminist; radical feminist; Redstockings; New York Radical 
Feminists; New York Radical Women",,Second-wave,1941,Q3617946,0.0
639,639,639,1940–1999,Elaheh Koulaei,Iran,1956,–,Muslim feminist,,,1956,Q5353137,0.0
640,640,640,1940–1999,Sunitha Krishnan,India,1972,–,"Indian social activist and chief functionary and co-founder of Prajwala, an 
institution that assists trafficked women, girls and transgender people in 
finding shelter, giving education and employment",,,1972,Q3530114,0.0
641,641,641,1940–1999,Julia Kristeva,"France, Bulgaria",1941,–,,[35],,1941,Q159876,98.14285714285714
642,642,642,1940–1999,Winona LaDuke,United States,1959,–,Ecofeminist,[17],,1959,Q118969,111.0
643,643,643,1940–1999,Laura Lederer,United States,1951,–,Anti-pornography feminist,,,1951,Q6499114,0.0
644,644,644,1940–1999,Ellie Levenson,United Kingdom,1978,–,,,,1978,Q5365358,0.0
645,645,645,1940–1999,Ariel Levy,United States,1974,–,Third-wave feminist; anti-pornography feminist,,Third-wave,1974,Q4790430,364.7142857142857
646,646,646,1940–1999,Olga Lipovskaya,Russia,1954,2021,,[19],,1954,Q16186343,0.0
647,647,647,1940–1999,Jacqueline Livingston,United States,1943,2013,Second-wave feminist,,Second-wave,1943,Q6120151,0.0
648,648,648,1940–1999,Linda Lovelace,United States,1949,2002,Anti-pornography feminist,,,1949,Q407,806.0
652,652,652,1940–1999,Patricia Mainardi,United States,1942,–,Second-wave feminist; radical feminist; Redstockings; New York Radical Women,[19],Second-wave,1942,Q26924776,0.0
653,653,653,1940–1999,Sara Maitland,United Kingdom,1950,–,,,,1950,Q7421703,0.0
654,654,654,1940–1999,Catherine Malabou,France,1959,–,,,,1959,Q432690,0.0
655,655,655,1940–1999,Irshad Manji,Canada,1968,–,Muslim feminist,,,1968,Q242051,0.0
656,656,656,1940–1999,Soe Tjen Marching,Indonesia,1971,–,,,,1971,Q7438987,0.0
657,657,657,1940–1999,Amanda Marcotte,United States,1977,–,,,,1977,Q4739686,653.8571428571429
658,658,658,1940–1999,Mirjana Marković,Serbia,1942,2019,Politician; writer,,,1942,Q257211,0.0
659,659,659,1940–1999,Angela Mason,United Kingdom,1944,–,Second-wave feminist,,Second-wave,1944,Q4762503,0.0
660,660,660,1940–1999,Liza Maza,Philippines,1957,–,Socialist feminist,,,1957,Q2452775,0.0
661,661,661,1940–1999,Susan McClary,United States,1946,–,,,,1946,Q3333363,0.0
662,662,662,1940–1999,Deirdre McCloskey,United States,1942,–,Feminist economist,[145],,1942,Q682037,158.14285714285714
663,663,663,1940–1999,Wendy McElroy,Canada,1951,–,,,,1951,Q434376,0.0
664,664,664,1940–1999,Patricia McFadden,Swaziland,1952,–,Radical feminist,,,1952,Q7145727,0.0
665,665,665,1940–1999,Angela McRobbie,United Kingdom,1951,–,,,,1951,Q4762514,0.0
666,666,666,1940–1999,Rigoberta Menchú,Guatemala,1959,–,,[19],,1959,Q188620,121.05882352941177
668,668,668,1940–1999,Juliet Mitchell,United Kingdom,1940,–,Socialist feminist,,,1940,Q453560,0.0
669,669,669,1940–1999,Hayao Miyazaki,Japan,1941,–,Socialist feminist,,,1941,Q55400,4448.428571428572
670,670,670,1940–1999,Tracey Moberly,United Kingdom,1964,–,,,,1964,Q7831254,0.0
671,671,671,1940–1999,Janet Mock,United States,1983,–,Transfeminist,[146],,1983,Q6153507,126.85
672,672,672,1940–1999,Chandra Talpade Mohanty,India,1955,–,Postcolonial and Transnational feminism theorist,,,1955,Q1086920,0.0
673,673,673,1940–1999,Maxine Molyneux,United Kingdom,1948,–,,,,1948,Q6795987,0.0
674,674,674,1940–1999,Cherríe Moraga,United States,1952,–,,,,1952,Q5092562,0.0
675,675,675,1940–1999,Caitlin Moran,United Kingdom,1975,–,,,,1975,Q3398683,0.0
676,676,676,1940–1999,Robin Morgan,United States,1941,–,"Second-wave feminist; radical feminist; anti-pornography feminist; New York 
Radical Women",[139],Second-wave,1941,Q450796,0.0
677,677,677,1940–1999,Bonnie J. Morris,United States,1961,–,"Feminist scholar, author; women's movement, lesbian culture, and women's 
music historian",,,1961,Q71066344,0.0
678,678,678,1940–1999,Laura Mulvey,United Kingdom,1941,–,,,,1941,Q440887,0.0
679,679,679,1940–1999,Sally Rowena Munt,United Kingdom,1960,–,"Feminist academic and lesbian theorist, author of *Heroic Desire: Lesbian 
Identity and Cultural Space* (1998)",,,1960,Q7405277,0.0
680,680,680,1940–1999,Jenni Murray,United Kingdom,1950,–,,,,1950,Q6177913,0.0
681,681,681,1940–1999,Inga Muscio,United States,c. 1966,–,Third-wave feminist,,Third-wave,c. 1966,Q6031751,0.0
682,682,682,1940–1999,Kathy Najimy,United States,1957,–,Third-wave feminist,,Third-wave,1957,Q235460,749.0
683,683,683,1940–1999,Suniti Namjoshi,India,1941,–,Third-wave feminist; cyberfeminist,,Third-wave,1941,Q7640392,0.0
684,684,684,1940–1999,Uma Narayan,United States,1958,–,Postcolonial feminist,,,1958,Q4003299,0.0
685,685,685,1940–1999,Taslima Nasrin,Bangladesh,1962,–,Feminist of Muslim origin,,,1962,Q208468,273.42857142857144
686,686,686,1940–1999,Asra Nomani,India,1965,–,Muslim feminist,,,1965,Q3625354,143.14285714285714
687,687,687,1940–1999,Isa Noyola,United States,1978,–,"Transfeminist, Latina transgender activist and national leader in the LGBT 
immigrant rights movement",,,1978,Q23901866,0.0
688,688,688,1940–1999,Martha Nussbaum,United States,1947,–,,,,1947,Q235470,129.5
689,689,689,1940–1999,Ann Oakley,United Kingdom,1944,–,Second-wave feminist,,Second-wave,1944,Q542410,0.0
690,690,690,1940–1999,Sandra Oh,"Canada, United States",1971,–,Third-wave feminist,,Third-wave,1971,Q40337,2380.714285714286
691,691,691,1940–1999,Lars Ohly,Sweden,1957,–,Socialist feminist,,,1957,Q262285,0.0
692,692,692,1940–1999,Terry O'Neill,United States,c. 1953,–,,,,c. 1953,Q13561606,0.0
693,693,693,1940–1999,Elliot Page,Canada,1987,–,Third-wave feminist,,Third-wave,1987,Q173399,3552.4285714285716
694,694,694,1940–1999,Camille Paglia,United States,1947,–,"Dissident feminist, academic, author of *Sexual Personae: Art and Decadence 
from Nefertiti to Emily Dickinson* (1990)",[35],,1947,Q255463,263.85714285714283
695,695,695,1940–1999,Amanda Palmer,United States,1976,–,Third-wave feminist,,Third-wave,1976,Q240377,436.7142857142857
696,696,696,1940–1999,Carole Pateman,United Kingdom,1940,–,,,,1940,Q299627,0.0
698,698,698,1940–1999,Peaches,Canada,1966,–,Third-wave feminist,,Third-wave,1966,Q235095,369.14285714285717
699,699,699,1940–1999,Sue Perlgut,United States,,–,Second-wave feminist; poet,,Second-wave,,Q59379623,0.0
700,700,700,1940–1999,Vesna Pešić,Serbia,1940,–,Feminist; diplomat; politician,,,1940,Q1253326,0.0
701,701,701,1940–1999,Irene Peslikis,United States,1943,2002,Second-wave feminist; radical feminist; Redstockings; New York Radical Women,,Second-wave,1943,Q16015598,0.0
702,702,702,1940–1999,Liz Phair,United States,1967,–,Third-wave feminist,,Third-wave,1967,Q258761,353.42857142857144
703,703,703,1940–1999,Mary Pipher,United States,1947,–,Second-wave feminist,,Second-wave,1947,Q6780524,0.0
704,704,704,1940–1999,Katha Pollitt,United States,1949,–,,,,1949,Q3194007,0.0
705,705,705,1940–1999,Griselda Pollock,Canada,1949,–,Second-wave feminist,,Second-wave,1949,Q3108719,0.0
706,706,706,1940–1999,Soraya Post,Sweden,1956,–,,,,1956,Q16596117,0.0
707,707,707,1940–1999,Anastasia Powell,Australia,1982,–,Third-wave feminist,,Third-wave,1982,Q16980156,0.0
708,708,708,1940–1999,Manasi Pradhan,India,1962,–,,,,1962,Q16191043,0.0
709,709,709,1940–1999,Sharon Presley,United States,1943,–,Individualist feminist,[35],,1943,Q7490182,0.0
710,710,710,1940–1999,Maria Raha,United States,1972,–,Third-wave feminist,,Third-wave,1972,Q6761515,0.0
711,711,711,1940–1999,Janice Raymond,United States,1943,–,Second-wave feminist; anti-prostitution feminist,,Second-wave,1943,Q3307811,0.0
712,712,712,1940–1999,Bernice Johnson Reagon,United States,1942,–,Second-wave feminist,,Second-wave,1942,Q162209,1615.142857142857
713,713,713,1940–1999,Helen Reddy,"United States, Australia,",1941,–,Second-wave feminist,,Second-wave,1941,Q233362,455.2857142857143
716,716,716,1940–1999,Abby Rockefeller,United States,1943,–,Radical feminist,,,1943,Q4664487,113.57142857142857
717,717,717,1940–1999,Ninotchka Rosca,Philippines,1946,–,Socialist feminist,,,1946,Q7039100,0.0
718,718,718,1940–1999,Jacqueline Rose,United Kingdom,1949,–,,,,1949,Q3157793,0.0
719,719,719,1940–1999,Sheila Rowbotham,United Kingdom,1943,–,Second-wave feminist,,Second-wave,1943,Q432851,0.0
720,720,720,1940–1999,Gayle Rubin,United States,1949,–,Sex-positive feminist; Queer theorist,,,1949,Q444593,115.57142857142857
721,721,721,1940–1999,Alzira Rufino,Brazil,1949,–,Feminist and activist associated with the Black Movement,,,1949,Q11679807,0.0
722,722,722,1940–1999,Shadi Sadr,Iran,1975,–,Women's rights activist,,,1975,Q6485256,0.0
723,723,723,1940–1999,Gita Sahgal,"United Kingdom, India",1956/7,–,,,,1956/7,Q5565037,0.0
724,724,724,1940–1999,Sarojini Sahoo,India,1956,–,,,,1956,Q3182884,0.0
725,725,725,1940–1999,JD Samson,United States,1978,–,Third-wave feminist,,Third-wave,1978,Q2395345,163.14285714285714
726,726,726,1940–1999,Michael Sandel,United States,1953,–,,,,1953,Q381044,114.42857142857143
727,727,727,1940–1999,Justin Sane,"United States, Ireland",1973,–,Socialist feminist,,,1973,Q377813,207.85714285714286
729,729,729,1940–1999,Kathie Sarachild,United States,1943,–,Second-wave feminist; radical feminist; Redstockings; New York Radical Women,,Second-wave,1943,Q6376617,0.0
730,730,730,1940–1999,Anita Sarkeesian,"United States, Canada",1983,–,,,,1983,Q510653,235.71428571428572
731,731,731,1940–1999,Marjane Satrapi,"France, Iran",1969,–,Muslim feminist,[147],,1969,Q126633,136.2941176470588
732,732,732,1940–1999,John Scalzi,United States,1969,–,,[148],,1969,Q277308,265.7142857142857
733,733,733,1940–1999,Alice Schwarzer,Germany,1942,–,"Second-wave feminist; anti-pornography feminist; journalist and publisher 
of the magazine *Emma*",,Second-wave,1942,Q62919,0.0
734,734,734,1940–1999,Gudrun Schyman,Sweden,1948,–,Third-wave feminist,,Third-wave,1948,Q271468,0.0
735,735,735,1940–1999,Lynne Segal,Australia,1944,–,Second-wave feminist; Socialist feminist,,Second-wave,1944,Q6709424,0.0
736,736,736,1940–1999,Julia Serano,United States,1967,–,Transfeminist,[149],,1967,Q7765045,198.14285714285714
737,737,737,1940–1999,Shamima Shaikh,South Africa,1960,1998,"South African activist, member of the Muslim Youth Movement of South 
Africa, proponent of Islamic gender equality",,,1960,Q528685,0.0
738,738,738,1940–1999,Shahla Sherkat,Iran,1956,–,Muslim feminist; journalist,,,1956,Q3481223,0.0
739,739,739,1940–1999,Vicki Shiran,Israel,1947,2004,Mizrahi feminist,,,1947,Q7925443,0.0
740,740,740,1940–1999,Vandana Shiva,India,1952,–,Ecofeminist,,,1952,Q235451,117.82352941176471
741,741,741,1940–1999,Elaine Showalter,United States,1941,–,,,,1941,Q467333,0.0
742,742,742,1940–1999,Ann Simonton,United States,1952,–,Second-wave feminist; radical feminist; anti-pornography feminist,,Second-wave,1952,Q4766677,0.0
743,743,743,1940–1999,Carol Smart,United Kingdom,1948,–,,,,1948,Q5044563,0.0
744,744,744,1940–1999,Barbara Smith,United States,1946,–,,,,1946,Q3634688,0.0
746,746,746,1940–1999,Valerie Smith,Canada,1956,–,Anti-pornography feminist,,,1956,Q7911336,0.0
747,747,747,1940–1999,Kate Smurthwaite,United Kingdom,1975,–,,,,1975,Q15072678,0.0
748,748,748,1940–1999,Cornelia Sollfrank,Germany,1960,–,Third-wave feminist; cyberfeminist,,Third-wave,1960,Q96173,0.0
749,749,749,1940–1999,Patricia Soltysik,United States,1950,1974,Radical feminist,,,1950,Q7145845,397.42857142857144
750,750,750,1940–1999,Christina Hoff Sommers,United States,1950,–,Dissident,[35],,1950,Q437363,116.73333333333333
751,751,751,1940–1999,Kate Soper,United Kingdom,1943,–,,,,1943,Q6375796,0.0
752,752,752,1940–1999,Donita Sparks,United States,1963,–,Third-wave feminist; Riot grrrl,,Third-wave,1963,Q628151,110.33333333333333
753,753,753,1940–1999,Dale Spender,Australia,1943,2023,Second-wave feminist,,Second-wave,1943,Q5210637,0.0
754,754,754,1940–1999,Charlene Spretnak,United States,1946,–,Ecofeminist,,,1946,Q5074670,0.0
755,755,755,1940–1999,Annie Sprinkle,United States,1954,–,Third-wave feminist; Sex-positive feminist,,Third-wave,1954,Q433576,151.85714285714286
756,756,756,1940–1999,Starhawk,United States,1951,–,Ecofeminist,,,1951,Q272205,0.0
757,757,757,1940–1999,Patrick Stewart,United Kingdom,1940,–,Socialist feminist,,,1940,Q16296,2495.1428571428573
758,758,758,1940–1999,John Stoltenberg,United States,1944,–,Second-wave feminist; radical feminist; anti-pornography feminist,,Second-wave,1944,Q6259283,0.0
759,759,759,1940–1999,Nadine Strossen,United States,1950,–,Third-wave feminist,,Third-wave,1950,Q21791,0.0
760,760,760,1940–1999,Anne Summers,Australia,1945,–,"Women's rights activist; women's advisor to Labor Prime Minister Paul 
Keating and editor of Ms. magazine (New York)",,,1945,Q4768826,0.0
761,761,761,1940–1999,Cathy Harkin,Northern Ireland,1942,1985,Women's refuge,,,1942,Q105722743,0.0
762,762,762,1940–1999,Karlina Leksono Supelli,Indonesia,1958,–,,,,1958,Q6372516,0.0
763,763,763,1940–1999,Kazimiera Szczuka,Poland,1966,–,,,,1966,Q3504380,0.0
764,764,764,1940–1999,Lili Taylor,United States,1967,–,Third-wave feminist,[35],Third-wave,1967,Q233502,1001.5714285714286
766,766,766,1940–1999,Roya Toloui,Iran,1966,–,Women's rights activist,,,1966,Q469763,0.0
767,767,767,1940–1999,Corin Tucker,United States,1972,–,Third-wave feminist,[35],Third-wave,1972,Q4450151,243.28571428571428
768,768,768,1940–1999,Robin Tunney,United States,1972,–,Third-wave feminist,,Third-wave,1972,Q209094,882.4285714285714
769,769,769,1940–1999,Urvashi Vaid,"United States, India",1958,–,,,,1958,Q2502233,149.71428571428572
770,770,770,1940–1999,Tobi Vail,United States,1969,–,Third-wave feminist; Riot grrrl,,Third-wave,1969,Q3530134,207.85714285714286
771,771,771,1940–1999,Jessica Valenti,United States,1978,–,Third-wave feminist,,Third-wave,1978,Q556767,216.85714285714286
772,772,772,1940–1999,Virginia Vargas,Peru,1945,–,,[150],,1945,Q21516059,0.0
773,773,773,1940–1999,Norah Vincent,United States,1968,–,Dissident feminist,[35],,1968,Q13563058,444.7142857142857
774,774,774,1940–1999,Hilary Wainwright,United Kingdom,1949,–,Second-wave feminist; Socialist feminist,,Second-wave,1949,Q5761098,0.0
775,775,775,1940–1999,Alice Walker,United States,1944,–,radical feminist; Black feminist,,,1944,Q215868,3034.0
776,776,776,1940–1999,Rebecca Walker,United States,1969,–,Third-wave feminist,,Third-wave,1969,Q468676,450.57142857142856
777,777,777,1940–1999,Michele Wallace,United States,1952,–,Second-wave feminist,,Second-wave,1952,Q1931121,215.71428571428572
778,778,778,1940–1999,Natasha Walter,United Kingdom,1967,–,Third-wave feminist,,Third-wave,1967,Q1966363,0.0
779,779,779,1940–1999,Peng Wan-ru,Taiwan,1949,1996,,,,1949,Q8350045,0.0
780,780,780,1940–1999,Betsy Warrior,United States,1940,–,Founding member of the Boston-area women's liberation group Cell 16,[151],,1940,Q115908360,0.0
782,782,782,1940–1999,Emma Watson,England,1990,–,"Actor, feminist, United Nations Women Goodwill Ambassador",[152],,1990,Q39476,4864.571428571428
783,783,783,1940–1999,Joss Whedon,United States,1964,–,"Previously listed as a male feminist, he generated a toxic work environment 
for many women in his shows",[153][154],,1964,Q298025,1361.2857142857142
784,784,784,1940–1999,Faith Wilding,"United States, Paraguay",1943,–,Third-wave feminist; cyberfeminist,,Third-wave,1943,Q5431238,0.0
785,785,785,1940–1999,Ellen Willis,United States,1941,2006,"Second-wave feminist; radical feminist; sex-positive feminist; Redstockings; 
New York Radical Women",,Second-wave,1941,Q5365061,0.0
786,786,786,1940–1999,Oprah Winfrey,United States,1954,–,Second-wave feminist,[35],Second-wave,1954,Q55800,4090.5714285714284
787,787,787,1940–1999,Valerie Wise,United Kingdom,1955,–,,,,1955,Q7911360,0.0
788,788,788,1940–1999,Naomi Wolf,United States,1962,–,Dissident feminist; Third-wave feminist,[35],Third-wave,1962,Q237875,501.57142857142856
789,789,789,1940–1999,Allison Wolfe,United States,1969,–,Third-wave feminist,[155],Third-wave,1969,Q4732851,0.0
790,790,790,1940–1999,Elizabeth Wurtzel,United States,1967,2020,,,,1967,Q442854,304.53333333333336
791,791,791,1940–1999,Cathy Young,"United States, Russia",1963,–,,[156],,1963,Q2262391,0.0
792,792,792,1940–1999,Malala Yousafzai,Pakistan,1997,–,Pakistani feminist activist for female education,[157],,1997,Q32732,807.8571428571429
794,794,794,1940–1999,Julie Zeilinger,United States,1993,–,Third-wave feminist,[159],Third-wave,1993,Q1498437,0.0
797,797,797,1940–2025,Lorraine Bethel,United States,20th century,–,Second-wave feminist,[35],Second-wave,20th century,Q6681581,0.0
798,798,798,1940–2025,Lauran Bethell,United States,20th century,–,Anti-prostitution feminist,,,20th century,Q6499612,0.0
799,799,799,1940–2025,D. A. Clarke,United States,20th century,–,Radical feminist; anti-pornography feminist,[35],,20th century,Q5203465,0.0
800,800,800,1940–2025,Mary Clark-Glass,United Kingdom,20th century,–,,,,20th century,Q6779223,0.0
801,801,801,1940–2025,Carol Cohn,United States,20th century,–,Gender and armed conflict,,,20th century,Q16820574,0.0
802,802,802,1940–2025,Donna Dresch,United States,20th century,–,Third-wave feminist; Riot grrrl,,Third-wave,20th century,Q5296339,0.0
803,803,803,1940–2025,Gunilla Ekberg,Sweden,20th century,–,Anti-prostitution feminist,,,20th century,Q22004198,0.0
804,804,804,1940–2025,Mary Flanagan,United States,20th century,–,Third-wave feminist; cyberfeminist,,Third-wave,20th century,Q6779559,0.0
806,806,806,1940–2025,Carol Hanisch,United States,20th century,–,Second-wave feminist; radical feminist; Redstockings; New York Radical Women,[35],Second-wave,20th century,Q4992091,0.0
807,807,807,1940–2025,Luzviminda Ilagan,Philippines,20th century,–,Socialist feminist,,,20th century,Q6706718,0.0
808,808,808,1940–2025,Noushin Ahmadi Khorasani,Iran,20th century,–,Muslim feminist,,,20th century,Q7063937,0.0
809,809,809,1940–2025,Andrew Kooman,Canada,20th century,–,Anti-prostitution feminist; anti-pornography feminist,,,20th century,Q4757648,0.0
810,810,810,1940–2025,Peggy Kornegger,United States,20th century,–,,,,20th century,Q1891328,0.0
811,811,811,1940–2025,Donna Laframboise,Canada,20th century,–,Dissident feminist,[35],,20th century,Q5296385,0.0
812,812,812,1940–2025,Paris Lees,United Kingdom,20th century,–,"Transfeminist, journalist, presenter, and transgender rights activist",[163],,20th century,Q15622207,0.0
813,813,813,1940–2025,Dorchen Leidholdt,United States,20th century,–,Anti-pornography feminist,,,20th century,Q5297581,0.0
814,814,814,1940–2025,Kristin Lems,United States,20th century,–,"Activist, singer/songwriter",[164][165],,20th century,Q114827890,0.0
815,815,815,1940–2025,Sara Hlupekile Longwe,Zambia,20th century,–,radical feminist,,,20th century,Q7421657,0.0
816,816,816,1940–2025,Joanna Maycock,Belgium and Great Britain,20th century,–,European women's rights campaigner,[166],,20th century,Q104813911,0.0
817,817,817,1940–2025,Jamie McIntosh,Canada,20th century,–,Lawyer and women's rights activist,,,20th century,Q16237988,0.0
819,819,819,1940–2025,Honor Moore,United States,20th century,–,,,,20th century,Q5896819,0.0
820,820,820,1940–2025,Meghan Murphy,Canada,20th century,–,Journalist; radical feminist; anti-sex industry feminist,,,20th century,Q55081088,185.0
821,821,821,1940-2025,Nalini Nayak,India,20th century,—,,,,20th century,Q6960913,0.0
822,822,822,1940–2025,Benjamin Nolot,United States,20th century,–,Anti-prostitution feminist,,,20th century,Q16211224,0.0
823,823,823,1940–2025,Jerilynn Prior,Canada,20th century,–,,,,20th century,Q6182202,0.0
824,824,824,1940–2025,Kathy Rudy,United States,20th century,–,Ecofeminist,,,20th century,Q533039,0.0
825,825,825,1940–2025,Debbie Stoller,United States,20th century,–,Third-wave feminist; sex-positive feminist,,Third-wave,20th century,Q5248000,0.0
826,826,826,1940–2025,Lucy Suchman,United Kingdom,20th century,–,Third-wave feminist; cyberfeminist,,Third-wave,20th century,Q3266022,0.0
827,827,827,1940–2025,Helen Sworn,United Kingdom,20th century,–,Anti-prostitution feminist,,,20th century,Q5703247,0.0
828,828,828,1940–2025,Kajsa Wahlberg,Sweden,20th century,–,"Anti-prostitution feminist; Sweden's national rapporteur on human 
trafficking opposition activities",,,20th century,Q6349042,0.0
829,829,829,1940–2025,Warcry,United States,20th century,–,Radical feminist,,,20th century,Q7968904,0.0
830,830,830,1940–2025,Kaia Wilson,United States,20th century,–,Third-wave feminist,,Third-wave,20th century,Q13561705,0.0
831,831,831,1940–2025,Alice Wolfson,United States,20th century,–,,,,20th century,Q4726155,0.0
832,832,832,1940–2025,Sande Zeig,United States,20th century,–,,[167],,20th century,Q7416060,0.0
