,Unnamed: 0,country,country_code,project,page_id,article,qid,summary,predicted_label,assigned_label
0,0,United States,US,en.wikipedia,1707925,Diane_Nash,Q5271535,"Diane Judith Nash is an American civil rights activist, and a leader and strategist of the student wing of the Civil Rights Movement.",3.0,2
1,0,United States,US,en.wikipedia,34350,Yoko_Ono,Q117012,"Yoko Ono is a Japanese retired artist, musician, and activist. Her work also encompasses performance art and filmmaking.",1.0,1
2,0,United States,US,en.wikipedia,1584935,Grace_Paley,Q443966,"Grace Paley, née Goodside, was an American short story author, poet, teacher, and political activist.",1.0,1
3,0,United States,US,en.wikipedia,1607524,Adela_Pankhurst,Q353769,Adela Constantia Mary Walsh was a British-born suffragette who worked as a political organiser for the Women's Social and Political Union (WSPU) in Scotland. In 1914 she moved to Australia where she continued her activism and was co-founder of both the Communist Party of Australia and the Australia First Movement.,3.0,2
4,0,United States,US,en.wikipedia,366165,Christabel_Pankhurst,Q269863,"Dame Christabel Harriette Pankhurst was a British suffragette and Royalist born in Manchester, England. A co-founder of the Women's Social and Political Union (WSPU), she directed its militant actions from exile in France from 1912 to 1913. In 1914, she supported the war against Germany. After the war, she moved to the United States, where she worked as an evangelist for the Second Adventist movement.",2.0,2
5,0,United States,US,en.wikipedia,235719,Sylvia_Pankhurst,Q298213,"Estelle Sylvia Pankhurst was an English feminist and socialist activist and writer. Following encounters with women-led labour activism in the United States, she worked to organise working-class women in London's East End. This, together with her refusal in 1914 to enter into a wartime political truce with the government, caused her to break with the suffragette leadership of her mother and sister, Emmeline and Christabel Pankhurst. Pankhurst welcomed the Russian Revolution and conferred in Moscow with Lenin. But as an advocate of workers' control, she rejected the Leninist party line and criticised the Bolshevik regime.",2.0,2
6,0,United States,US,en.wikipedia,526315,Alice_Paul,Q127328,"Alice Stokes Paul was an American Quaker, suffragette, suffragist, feminist, and women's rights activist, and one of the foremost leaders and strategists of the campaign for the Nineteenth Amendment to the United States Constitution, which prohibits sex discrimination in the right to vote. Paul initiated, and along with Lucy Burns and others, strategized events such as the Woman Suffrage Procession and the Silent Sentinels, which were part of the successful campaign that resulted in the amendment's passage in August 1920.",2.0,2
7,0,United States,US,en.wikipedia,28699,Sylvia_Plath,Q133054,"Sylvia Plath was an American poet and author. She is credited with advancing the genre of confessional poetry and is best known for The Colossus and Other Poems (1960), Ariel (1965), and The Bell Jar (1963), a semi-autobiographical novel published one month before her suicide. The Collected Poems was published in 1981, which included previously unpublished works. For this collection Plath was awarded a Pulitzer Prize for Poetry in 1982, making her the fourth person to receive this honor posthumously.",1.0,1
8,0,United States,US,en.wikipedia,4123934,Val_Plumwood,Q7909128,"Val Plumwood was an Australian philosopher and ecofeminist known for her work on anthropocentrism. From the 1970s, she played a central role in the development of radical ecosophy. Working mostly as an independent scholar, she held positions at the University of Tasmania, North Carolina State University, the University of Montana, and the University of Sydney, and at the time of her death was Australian Research Council Fellow at the Australian National University. She is included in Routledge's Fifty Key Thinkers on the Environment (2001).",1.0,1
9,0,United States,US,en.wikipedia,11653632,Letty_Cottin_Pogrebin,Q4119536,"Letty Cottin Pogrebin is an American author, journalist, lecturer, and social activist. She is a founding editor of Ms. magazine, the author of twelve books, and was an editorial consultant for the TV special Free to Be... You and Me for which she earned an Emmy.",1.0,1
10,0,United States,US,en.wikipedia,8935089,Funmilayo_Ransome-Kuti,Q226122,"Chief Funmilayo Ransome-Kuti,, also known as Funmilayo Aníkúlápó-Kuti, was a Nigerian educator, political campaigner, suffragist, women's rights activist, and a social-reformer.",3.0,2
11,0,United States,US,en.wikipedia,552888,Claire_Rayner,Q5125292,"Claire Berenice Rayner, OBE was an English journalist, broadcaster, novelist and nurse, best known for her role for many years as an advice columnist.",1.0,1
12,0,United States,US,en.wikipedia,48171,Adrienne_Rich,Q270705,"Adrienne Cecile Rich was an American poet, essayist and feminist. She was called ""one of the most widely read and influential poets of the second half of the 20th century"", and was credited with bringing ""the oppression of women and lesbians to the forefront of poetic discourse"". Rich criticized the rigid identities that are sometimes created by feminism, called for feminism that is flexible and open to being transformed, and drew attention to the existing current of solidarity and creativity among women, which she named the ""lesbian continuum"".",1.0,1
13,0,United States,US,en.wikipedia,9854304,Mary_Richardson,Q2482677,"Mary Raleigh Richardson was a Canadian suffragette active in the women's suffrage movement in the United Kingdom, an arsonist, a socialist parliamentary candidate and later head of the women's section of the British Union of Fascists (BUF) led by Sir Oswald Mosley.",2.0,2
14,0,United States,US,en.wikipedia,16017,Joanna_Russ,Q265270,"Joanna Russ was an American writer, academic and feminist. She is the author of a number of works of science fiction, fantasy and feminist literary criticism such as How to Suppress Women's Writing, as well as a contemporary novel, On Strike Against God, and one children's book, Kittatinny. She is best known for The Female Man, a novel combining utopian fiction and satire, and the story ""When It Changed"".",1.0,1
15,0,United States,US,en.wikipedia,20707,Margaret_Sanger,Q285514,"Margaret Sanger was an American birth control activist, sex educator, writer, and nurse. She opened the first birth control clinic in the United States, founded Planned Parenthood, and was instrumental in the development of the first birth control pill. Sanger is regarded as a founder and leader of the birth control movement.",3.0,3
16,0,United States,US,en.wikipedia,10075777,Alix_Kates_Shulman,Q4727510,"Alix Kates Shulman is an American writer of fiction, memoirs, and essays, and a prominent early radical activist of second-wave feminism. She is best-known for her bestselling debut adult novel, Memoirs of an Ex-Prom Queen, hailed by the Oxford Companion to Women's Writing as ""the first important novel to emerge from the Women's Liberation Movement.""",1.0,1
17,0,United States,US,en.wikipedia,48029,Valerie_Solanas,Q11093,Valerie Jean Solanas was an American radical feminist known for her attempt to murder the artist Andy Warhol in 1968.,1.0,2
18,0,United States,US,en.wikipedia,299078,Gloria_Steinem,Q231178,Gloria Marie Steinem is an American journalist and social-political activist who emerged as a nationally recognized leader of second-wave feminism in the United States in the late 1960s and early 1970s.,3.0,3
19,0,United States,US,en.wikipedia,6822184,Doris_Stevens,Q3037079,"Doris Stevens was an American suffragist, woman's legal rights advocate and author. She was the first female member of the American Institute of International Law and first chair of the Inter-American Commission of Women.",3.0,3
20,0,United States,US,en.wikipedia,8703380,Sandy_Stone_(artist),Q740884,"Allucquére Rosanne ""Sandy"" Stone is an American academic theorist, media theorist, author, and performance artist. She is an Associate Professor Emerita at the University of Texas at Austin where she was the Founding Director of the Advanced Communication Technologies Laboratory (ACTLab) and the New Media Initiative in the department of Radio-TV-Film. Stone has worked in and written about film, music, experimental neurology, writing, engineering, and computer programming. Stone is transgender and is considered a founder of the academic discipline of transgender studies.",1.0,3
21,0,United States,US,en.wikipedia,202327,Marie_Stopes,Q442231,"Marie Charlotte Carmichael Stopes was a British author, palaeobotanist and campaigner for eugenics and women's rights. She made significant contributions to plant palaeontology and coal classification, and was the first female academic on the faculty of the University of Manchester. With her second husband, Humphrey Verdon Roe, Stopes founded the first birth control clinic in Britain, which bore her name for much of its 100-year history. Stopes edited the newsletter Birth Control News, which gave explicit practical advice. Her sex manual Married Love (1918) was controversial and influential, and brought the subject of birth control into wide public discourse. Stopes publicly opposed abortion, arguing that the prevention of conception was all that was needed, though her actions in private were at odds with her public pronouncements.",3.0,3
22,0,United States,US,en.wikipedia,1098977,Dorothy_Thompson,Q275545,"Dorothy Celene Thompson was an American journalist and radio broadcaster. She was the first American journalist to be expelled from Nazi Germany, in 1934, and was one of the few women news commentators broadcasting on radio during the 1930s. Thompson is regarded by some as the ""First Lady of American Journalism"" and was recognized by Time magazine in 1939 as equal in influence to Eleanor Roosevelt. Recordings of her NBC Radio commentary and analysis of the European situation and the start of World War II were selected by the Library of Congress for preservation in the National Recording Registry in 2023, based on their ""cultural, historical or aesthetic importance in the nation’s recorded sound heritage.""",1.0,1
23,0,United States,US,en.wikipedia,1776846,Harriet_Shaw_Weaver,Q455830,Harriet Shaw Weaver was an English political activist and a magazine editor. She was a significant patron of Irish writer James Joyce.,1.0,1
24,0,United States,US,en.wikipedia,3043957,Nesta_Helen_Webster,Q449869,"Nesta Helen Webster was an English author who revived conspiracy theories about the Illuminati. She claimed that the secret society's members were occultists, plotting communist world domination, through a Jewish cabal, the Masons and Jesuits. She blamed the group for events including the French Revolution, 1848 Revolution, the First World War, and the Bolshevik Revolution. Her writing influenced later conspiracy theories and ideologies, including American anti-communism and the militia movement.",3.0,1
25,0,United States,US,en.wikipedia,1467673,Monique_Wittig,Q263201,"Monique Wittig was a French author, philosopher, and feminist theorist who wrote about abolition of the sex-class system and coined the phrase ""heterosexual contract."" Her groundbreaking work is titled The Straight Mind and Other Essays. She published her first novel, L'Opoponax, in 1964. Her second novel, Les Guérillères (1969), was a landmark in lesbian feminism.",1.0,1
26,0,United States,US,en.wikipedia,32742,Virginia_Woolf,Q40909,Adeline Virginia Woolf was an English writer and one of the most influential 20th-century modernist authors. She helped to pioneer the use of stream of consciousness narration as a literary device.,1.0,1
27,0,United States,US,en.wikipedia,384013,Carol_J._Adams,Q1044179,"Carol J. Adams is an American writer, feminist, and animal rights advocate. She is the author of several books, including The Sexual Politics of Meat: A Feminist-Vegetarian Critical Theory (1990) and The Pornography of Meat (2004), focusing in particular on what she argues are the links between the oppression of women and that of non-human animals. She was inducted into the Animal Rights Hall of Fame in 2011.",1.0,1
28,0,United States,US,en.wikipedia,26952693,Sara_Ahmed,Q15437208,"Sara Ahmed is a British-Australian writer and scholar whose area of study includes the intersection of feminist theory, queer theory, affect theory, critical race theory and postcolonialism. Her foundational work, The Cultural Politics of Emotion, in which she explores the social dimension and circulation of emotions, is recognized as a foundational text in the nascent field of affect theory.",1.0,1
29,1,United States,US,en.wikipedia,26952693,Feminist_killjoy,Q15437208,"Sara Ahmed is a British-Australian writer and scholar whose area of study includes the intersection of feminist theory, queer theory, affect theory, critical race theory and postcolonialism. Her foundational work, The Cultural Politics of Emotion, in which she explores the social dimension and circulation of emotions, is recognized as a foundational text in the nascent field of affect theory.",1.0,1
30,0,United States,US,en.wikipedia,157994,Isabel_Allende,Q83566,"Isabel Angélica Allende Llona is a Chilean-American writer. Allende, whose works sometimes contain aspects of the magical realism genre, is known for novels such as The House of the Spirits and City of the Beasts, which have been commercially successful. Allende has been called ""the world's most widely read Spanish-language author."" In 2004, Allende was inducted into the American Academy of Arts and Letters, and in 2010, she received Chile's National Literature Prize. President Barack Obama awarded her the 2014 Presidential Medal of Freedom.",3.0,1
31,0,United States,US,en.wikipedia,31471,Tori_Amos,Q193744,"Tori Amos is an American singer-songwriter and pianist. She is a classically trained musician with a mezzo-soprano vocal range. A child prodigy, Amos entered the Peabody Institute's preparatory division at five, but left at eleven, coming of age as a pianist in Washington, D.C. bars. Amos was the lead singer of the short-lived 1980s pop-rock group Y Kant Tori Read before achieving her breakthrough as a solo artist in the early 1990s. Her songs focus on a broad range of topics, including sexuality, feminism, politics, and religion.",1.0,1
32,0,United States,US,en.wikipedia,56508,Judi_Bari,Q722143,"Judith Beatrice Bari was an American environmentalist, feminist, and labor leader, primarily active in Northern California after moving to the state in the mid-1970s. In the 1980s and 1990s, she was the principal organizer of Earth First! campaigns against logging in the ancient redwood forests of Mendocino County and related areas. She also organized Industrial Workers of the World Local 1 in an effort to bring together timber workers and environmentalists of Earth First! in common cause.",2.0,2
33,0,United States,US,en.wikipedia,153926,Alison_Bechdel,Q435032,"Alison Bechdel is an American cartoonist. Originally known for the long-running comic strip Dykes to Watch Out For, she came to critical and commercial success in 2006 with her graphic memoir Fun Home. Fun Home was subsequently adapted as a musical, which won a Tony Award for Best Musical in 2015. In 2012, she released her second graphic memoir Are You My Mother? She was a 2014 recipient of the MacArthur ""Genius"" Award. She is also known for originating what would later be called the Bechdel test.",1.0,1
34,0,United States,US,en.wikipedia,19364269,Julie_Bindel,Q6308046,"Julie Bindel is an English radical feminist writer. She co-founded Justice for Women, which helps women who have been prosecuted for assaulting or killing violent male partners.",1.0,3
35,0,United States,US,en.wikipedia,47453701,Kat_Blaque,Q20810513,Kat Blaque is an American YouTuber and LGBT rights activist.,1.0,2
36,0,United States,US,en.wikipedia,9550804,Giannina_Braschi,Q452761,"Giannina Braschi is a Puerto Rican poet, novelist, dramatist, and scholar. Her notable works include Empire of Dreams (1988), Yo-Yo Boing! (1998), United States of Banana (2011), and Putinoika (2024).",1.0,1
37,0,United States,US,en.wikipedia,502973,Susie_Bright,Q1781103,"Susannah Bright is an American feminist, author and journalist, often writing on the subject of politics and sexuality.",1.0,1
38,0,United States,US,en.wikipedia,1186406,Rita_Mae_Brown,Q242956,"Rita Mae Brown is an American feminist writer, best known for her coming-of-age autobiographical novel, Rubyfruit Jungle. Brown was active in a number of civil rights campaigns and criticized the marginalization of lesbians within feminist groups. Brown received the Pioneer Award for lifetime achievement at the Lambda Literary Awards in 2015.",1.0,1
39,0,United States,US,en.wikipedia,1686995,Carrie_Brownstein,Q2940239,"Carrie Rachel Brownstein is an American musician, actress, writer, director, and comedian. She first came to prominence as a member of the band Excuse 17 before forming the rock trio Sleater-Kinney.",1.0,1
40,0,United States,US,en.wikipedia,1650759,Tammy_Bruce,Q541912,"Tammy K. Bruce is an American conservative radio host, author, and political commentator. She serves as spokeswoman for the United States Department of State in the second Trump administration. Bruce has been an on-air contributor to Fox News and has also hosted Get Tammy Bruce on Fox Nation.",3.0,2
41,0,United States,US,en.wikipedia,148809,Judith_Butler,Q219368,"Judith Pamela Butler is an American feminist philosopher and gender studies scholar whose work has influenced political philosophy, ethics, and the fields of third-wave feminism, queer theory, and literary theory.",1.0,1
42,0,United States,US,en.wikipedia,3512370,Lydia_Cacho,Q262805,"Lydia María Cacho Ribeiro is a Mexican journalist, feminist, and human rights activist. Described by Amnesty International as ""perhaps Mexico's most famous investigative journalist and women's rights advocate"", Cacho's reporting focuses on violence against and sexual abuse of women and children.",1.0,1
43,0,United States,US,en.wikipedia,353854,Angela_Carter,Q234519,"Angela Olive Pearce, who published under the name Angela Carter, was an English novelist, short story writer, poet, and journalist, known for her feminist, magical realism, and picaresque works. She is mainly known for her book The Bloody Chamber (1979). In 1984, her short story ""The Company of Wolves"" was adapted into a film of the same name. In 2008, The Times ranked Carter tenth in their list of ""The 50 greatest British writers since 1945"". In 2012, Nights at the Circus was selected as the best ever winner of the James Tait Black Memorial Prize.",1.0,1
44,0,United States,US,en.wikipedia,2420783,Phyllis_Chesler,Q545465,"Phyllis Chesler is an American writer, psychotherapist, and professor emerita of psychology and women's studies at the College of Staten Island (CUNY). She is a renowned second-wave feminist psychologist and the author of 20 books, including the best-sellers Women and Madness (1972), With Child: A Diary of Motherhood (1979), and An American Bride in Kabul: A Memoir (2013). Chesler has written extensively about topics such as gender, mental illness, divorce and child custody, surrogacy, second-wave feminism, pornography, prostitution, incest, and violence against women.",1.0,1
45,0,United States,US,en.wikipedia,89662,Margaret_Cho,Q257243,"Margaret Moran Cho is an American stand-up comedian, actress and musician. In her stand-up routines she critiques social and political problems, especially about race and sexuality. She starred in the ABC sitcom All-American Girl (1994–95).",1.0,1
46,0,United States,US,en.wikipedia,5043192,Hillary_Clinton,Q6294,"Hillary Diane Rodham Clinton is an American politician, lawyer, and diplomat. She was the 67th United States secretary of state in the administration of Barack Obama from 2009 to 2013, a U.S. senator representing New York from 2001 to 2009, and the first lady of the United States from 1993 to 2001 as the wife of Bill Clinton. A member of the Democratic Party, she was the party's nominee in the 2016 presidential election, becoming the first woman to win a presidential nomination by a major U.S. political party and the only woman to win the popular vote for U.S. president. However, she lost the electoral college to Republican Party nominee Donald Trump. She is the only first lady of the United States to have run for elected office.",2.0,2
47,0,United States,US,en.wikipedia,16707,Kurt_Cobain,Q8446,"Kurt Donald Cobain was an American musician. He was the lead vocalist, guitarist, primary songwriter, and a founding member of the grunge band Nirvana. Through his angsty songwriting and anti-establishment persona, he widened the thematic conventions of mainstream rock music. He was heralded as a spokesman of Generation X, and is widely recognized as one of the most influential rock musicians.",3.0,3
48,0,United States,US,en.wikipedia,1999636,Patricia_Hill_Collins,Q465252,"Patricia Hill Collins is an American academic specializing in race, class, and gender. She is a distinguished university professor of sociology emerita at the University of Maryland, College Park. She is also the former head of the Department of African-American Studies at the University of Cincinnati. Collins was elected president of the American Sociological Association (ASA), and served in 2009 as the 100th president of the association – the first African-American woman to hold this position.",3.0,3
49,0,United States,US,en.wikipedia,35483542,Laverne_Cox,Q6502596,"Laverne Cox is an American actress and LGBTQ advocate. She rose to prominence with her role as Sophia Burset on the Netflix series Orange Is the New Black, becoming the first transgender person to be nominated for a Primetime Emmy Award in an acting category, and the first to be nominated for an Emmy Award since composer Angela Morley in 1990. In 2015, she won a Daytime Emmy Award in Outstanding Special Class Special as executive producer for Laverne Cox Presents: The T Word, making her the first trans woman to win the award. In 2017, she became the first transgender person to play a transgender series regular on U.S. broadcast TV as Cameron Wirth on CBS's Doubt.",1.0,1
50,0,United States,US,en.wikipedia,48522,Angela_Davis,Q160456,"Angela Yvonne Davis is an American Marxist and feminist political activist, philosopher, academic, and author. She is Distinguished Professor Emerita of Feminist Studies and History of Consciousness at the University of California, Santa Cruz. Davis was a longtime member of the Communist Party USA (CPUSA) and a founding member of the Committees of Correspondence for Democracy and Socialism (CCDS). She has been active in movements such as the Occupy movement and the Boycott, Divestment and Sanctions campaign.",3.0,3
51,0,United States,US,en.wikipedia,217702,Geena_Davis,Q280098,"Virginia Elizabeth ""Geena"" Davis is an American actor. She is the recipient of various accolades, including an Academy Award and a Golden Globe Award.",1.0,1
52,0,United States,US,en.wikipedia,155979,Julie_Delpy,Q110462,"Julie Delpy is a French actress, screenwriter, and film director. She studied filmmaking at NYU's Tisch School of the Arts and has directed, written, and acted in more than 30 films, including Europa Europa (1990), Voyager (1991), Three Colours: White (1993), the Before trilogy, An American Werewolf in Paris (1997), and 2 Days in Paris (2007).",1.0,1
53,0,United States,US,en.wikipedia,5344495,Mark_Dery,Q6767356,"Mark Dery is an American writer, lecturer and cultural critic. An early observer and critic of online culture, he helped to popularize the term ""culture jamming"" and is generally credited with having coined the term ""Afrofuturism"" in his essay ""Black to the Future"" in the anthology Flame Wars: The Discourse of Cyberculture. He writes about media and visual culture, especially fringe elements of culture for a wide variety of publications, from Rolling Stone to BoingBoing.",1.0,1
54,0,United States,US,en.wikipedia,2126,Ani_DiFranco,Q232462,"Angela Maria ""Ani"" DiFranco is an American-Canadian singer-songwriter. She has released more than 20 albums. DiFranco's music has been classified as folk rock and alternative rock, although it has additional influences from punk, funk, hip hop and jazz. She has released all her albums on her own record label, Righteous Babe.",1.0,1
55,0,United States,US,en.wikipedia,166848,Carol_Ann_Duffy,Q237994,"Dame Carol Ann Duffy is a Scottish poet and playwright. She is a professor of contemporary poetry at Manchester Metropolitan University, and was appointed Poet Laureate in May 2009, serving in this position until her term expired in 2019. She was the first female poet laureate, the first Scottish-born poet and the first openly lesbian poet to hold the Poet Laureate position.",1.0,1
56,0,United States,US,en.wikipedia,22320587,Andrea_Dworkin,Q241398,"Andrea Rita Dworkin was an American radical feminist writer and activist best known for her analysis of pornography. Her feminist writings, beginning in 1974, span 30 years. They are found in a dozen solo works: nine books of non-fiction, two novels, and a collection of short stories. Another three volumes were co-written or co-edited with US constitutional law professor and feminist activist Catharine A. MacKinnon.",1.0,1
57,0,United States,US,en.wikipedia,337976,Shirin_Ebadi,Q131152,"Shirin Ebadi is an Iranian Nobel laureate, lawyer, writer, teacher and a former judge and founder of the Defenders of Human Rights Center in Iran. In 2003, Ebadi was awarded the Nobel Peace Prize for her pioneering efforts for democracy and women's, children's, and refugee rights. She was the first Muslim woman and the first Iranian to receive the award.",1.0,3
58,0,United States,US,en.wikipedia,198379,Barbara_Ehrenreich,Q283659,"Barbara Ehrenreich was an American author and political activist. During the 1980s and early 1990s, she was a prominent figure in the Democratic Socialists of America. She was a widely read and award-winning columnist and essayist and the author of 21 books. Ehrenreich was best known for her 2001 book Nickel and Dimed: On (Not) Getting By in America, a memoir of her three-month experiment surviving on a series of minimum-wage jobs. She was a recipient of a Lannan Literary Award and the Erasmus Prize.",1.0,3
59,0,United States,US,en.wikipedia,28776934,Lindsay_Ellis,Q57915865,"Lindsay Ellis is an American science fiction author, video essayist, film critic, and YouTuber. Her debut novel, Axiom's End, published in July 2020, became a New York Times Best Seller.",1.0,1
60,0,United States,US,en.wikipedia,28671,Susan_Faludi,Q260900,"Susan Charlotte Faludi is an American feminist, journalist, and author. She won a Pulitzer Prize for Explanatory Journalism in 1991, for a report on the leveraged buyout of Safeway Stores, Inc., a report that the Pulitzer Prize committee commended for depicting the ""human costs of high finance"". She was also awarded the Kirkus Prize in 2016 for In the Darkroom, which was also a finalist for the 2017 Pulitzer Prize in biography.",1.0,1
61,0,United States,US,en.wikipedia,1178190,Johanna_Fateman,Q3295283,"Johanna Rachel Fateman is an American writer, songwriter, musician, and record producer. She is a member of the electropunk band Le Tigre and founded the band MEN with Le Tigre bandmate JD Samson.",3.0,1
62,0,United States,US,en.wikipedia,1391521,Shulamith_Firestone,Q271551,"Shulamith Bath Shmuel Ben Ari Firestone was a radical feminist writer and activist. She was a prominent figure in the early development of radical feminism and second-wave feminism and a founding member of three radical feminist organizations: New York Radical Women, Redstockings, and New York Radical Feminists. Within these movements, she was referred to by some as ""the firebrand"" and ""the fireball"" due to the intensity with which she advocated for feminist causes.",3.0,3
63,0,United States,US,en.wikipedia,3860328,Marilyn_Frye,Q13562998,"Marilyn Frye is an American philosopher and radical feminist theorist. She is known for her theories on sexism, racism, oppression, and sexuality. Her writings offer discussions of feminist topics, such as: white supremacy, male privilege, and gay and lesbian marginalization. Although she approaches the issues from the perspective of justice, she is also engaged with the metaphysics, epistemology, and moral psychology of social categories.",1.0,1
64,0,United States,US,en.wikipedia,24149847,Tavi_Gevinson,Q443207,"Tavi Gevinson is an American actress, writer, and magazine editor. At age twelve, she came to public attention for her fashion blog Style Rookie. By 15, she had shifted her focus to pop culture and feminist discussion. Gevinson began acting in 2013, and later starred in the HBO Max series Gossip Girl (2021–2023).",1.0,1
65,0,United States,US,en.wikipedia,6388260,John_Green,Q630446,"John Michael Green is an American author and YouTuber. His books have more than 50 million copies in print worldwide, including The Fault in Our Stars (2012), which is one of the best-selling books of all time. Green's rapid rise to fame and idiosyncratic voice are credited with creating a major shift in the young adult fiction market. Green is also well known for his work in online video, most notably his YouTube ventures with his younger brother Hank Green.",1.0,1
66,0,United States,US,en.wikipedia,683977,Susan_Griffin,Q7647892,"Susan Griffin was an American radical feminist philosopher, essayist and playwright, particularly known for her innovative, hybrid-form ecofeminist works.",1.0,1
67,0,United States,US,en.wikipedia,43737855,Miss_Major_Griffin-Gracy,Q18001222,"Miss Major Griffin-Gracy, often referred to as Miss Major, was an American author, activist, and community organizer for transgender rights. She participated in activism and community organizing for a range of causes, and served as the first executive director for the Transgender Gender Variant Intersex Justice Project.",3.0,3
68,0,United States,US,en.wikipedia,2076349,Emily_Haines,Q458978,"Emily Savitri Haines is a Canadian singer and songwriter. She is the lead singer, keyboardist and songwriter of the rock band Metric and a member of the musical collective Broken Social Scene. As a solo artist, she has performed under her own name and as Emily Haines & The Soft Skeleton. Haines possesses the vocal range of a mezzo-soprano.",3.0,1
69,0,United States,US,en.wikipedia,335373,Kathleen_Hanna,Q242608,"Kathleen Hanna is an American singer, musician and pioneer of the feminist punk riot grrrl movement, and punk zine writer. She is the lead singer of feminist punk band Bikini Kill and fronted the electropunk band Le Tigre in the late 1990s and early 2000s. Since 2010, she has recorded as the Julie Ruin.",1.0,1
70,0,United States,US,en.wikipedia,233258,Donna_Haraway,Q253407,"Donna Jeanne Haraway is an American professor emerita in the history of consciousness and feminist studies departments at the University of California, Santa Cruz, and a prominent scholar in the field of science and technology studies. She has contributed to the intersection of information technology and feminist theory, and is a scholar in contemporary ecofeminism. Her work criticizes anthropocentrism, emphasizes the self-organizing powers of nonhuman processes, and explores dissonant relations between those processes and cultural practices, rethinking sources of ethics.",1.0,1
71,0,United States,US,en.wikipedia,900054,Shere_Hite,Q64397,"Shere Hite was an American-born German sex educator and feminist. Her sexological work focused primarily on female sexuality. Hite built upon biological studies of sex by Masters and Johnson and by Alfred Kinsey and was the author of The Hite Report: A Nationwide Study on Female Sexuality. She also referenced theoretical, political and psychological works associated with the feminist movement of the 1970s, such as Anne Koedt's essay ""The Myth of the Vaginal Orgasm"". She renounced her United States citizenship in 1995 to become German.",1.0,1
72,0,United States,US,en.wikipedia,18220755,Holly_Hunter,Q105660,"Holly Hunter is an American actress. For her performance as a mute Scottish woman in The Piano (1993), she won the Academy Award for Best Actress. She earned three more Academy Award nominations for Broadcast News (1987), The Firm (1993), and Thirteen (2003). She also won two Primetime Emmy Awards for her performances in the television films Roe vs. Wade (1989) and The Positively True Adventures of the Alleged Texas Cheerleader-Murdering Mom (1993). Other major accolades she has won include an AACTA Award, a Silver Bear, a BAFTA Award, a Cannes Film Festival Award and a Golden Globe.",1.0,1
73,0,United States,US,en.wikipedia,5594647,Sheila_Jeffreys,Q4894592,"Sheila Jeffreys is a former professor of political science at the University of Melbourne, born in England. A lesbian feminist scholar, she analyses the history and politics of human sexuality.",1.0,1
74,0,United States,US,en.wikipedia,359520,Joan_Jett,Q231106,"Joan Jett is an American singer, songwriter, guitarist, businesswoman, and actress. Often referred to as the ""Godmother of Punk"", she is regarded as a rock icon and an influential figure in popular rock music.",3.0,1
75,0,United States,US,en.wikipedia,2171817,Miranda_July,Q256671,"Miranda July is an American film director, screenwriter, actress and author. Her body of work includes film, fiction, monologue, digital presentations and live performance art.",1.0,1
76,0,United States,US,en.wikipedia,21905037,Mohja_Kahf,Q6894232,"Mohja Kahf is a Syrian-American poet, novelist, and professor. She authored Hagar Poems, which won honorable mention in the 2017 Book Awards of the Arab American National Museum. She is the recipient of the 2010 Pushcart Prize for her creative nonfiction essay, ""The Caul of Inshallah"", and the Arkansas Arts Council Individual Artist Fellowship in 2002 for poetry. Her poetry has been featured in the installments of American neo-conceptual artist Jenny Holzer.",1.0,1
77,0,United States,US,en.wikipedia,26582691,Lierre_Keith,Q6544234,"Lierre Keith is an American writer, radical feminist, anti-transgender activist, and food activist.",1.0,1
78,0,United States,US,en.wikipedia,783923,Barbara_Kingsolver,Q1264643,"Barbara Ellen Kingsolver is a Pulitzer Prize-winning American novelist, essayist, and poet. Her widely known works include The Poisonwood Bible, the tale of a missionary family in the Congo, and Animal, Vegetable, Miracle, a nonfiction account of her family's attempts to eat locally. In 2023, she was awarded the Pulitzer Prize for Fiction for the novel Demon Copperhead. Her work often focuses on topics such as social justice, biodiversity, and the interaction between humans and their communities and environments.",1.0,1
79,0,United States,US,en.wikipedia,22068,Naomi_Klein,Q236606,"Naomi Klein is a Canadian author, social activist, and filmmaker known for her political analyses, support of ecofeminism and organized labour, and criticism of corporate globalization, fascism and capitalism. In 2021, Klein took up the UBC Professorship in Climate Justice, joining the University of British Columbia's Department of Geography. She has been the co-director of the Centre for Climate Justice since it was launched in 2021.",3.0,3
80,0,United States,US,en.wikipedia,24973525,Sunitha_Krishnan,Q3530114,"Sunitha Krishnan is an Indian social activist and chief functionary and co-founder of Prajwala, a non-governmental organization that rescues, rehabilitates and reintegrates sex-trafficked victims into society. She was awarded India's fourth highest civilian award the Padma Shri in 2016.",1.0,2
81,0,United States,US,en.wikipedia,16489,Julia_Kristeva,Q159876,"Julia Kristeva is a Bulgarian-French philosopher, literary critic, semiotician, psychoanalyst, feminist, and novelist who has lived in France since the mid-1960s. She has taught at Columbia University, and is now a professor emerita at Université Paris Cité. The author of more than 30 books, including Powers of Horror, Tales of Love, Black Sun: Depression and Melancholia, Proust and the Sense of Time, and the trilogy Female Genius, she has been awarded Commander of the Legion of Honor, Commander of the Order of Merit, the Holberg International Memorial Prize, the Hannah Arendt Prize, and the Vision 97 Foundation Prize, awarded by the Havel Foundation.",1.0,1
82,0,United States,US,en.wikipedia,86685,Winona_LaDuke,Q118969,"Winona LaDuke is an American environmentalist, writer, and industrial hemp grower, known for her work on tribal land claims and preservation, as well as sustainable development.",1.0,1
83,0,United States,US,en.wikipedia,2833360,Ariel_Levy_(writer),Q4790430,"Ariel Levy is an American journalist and staff writer at The New Yorker magazine. She's the author of the books The Rules Do Not Apply and Female Chauvinist Pigs: Women and the Rise of Raunch Culture. Her work has appeared in The Washington Post, The New Yorker, Vogue, Slate, and The New York Times. Levy was named one of the ""Forty Under 40"" most influential out individuals in the June/July 2009 issue of The Advocate.",3.0,1
84,0,United States,US,en.wikipedia,19774559,Linda_Lovelace,Q407,"Linda Lovelace was an American pornographic actress who became famous for her performance in the 1972 hardcore film Deep Throat, which was an enormous success. She later alleged that her abusive husband, Chuck Traynor, had threatened and coerced her into participation. In her autobiography Ordeal, she described what took place behind the scenes. She later became a born-again Christian and a spokeswoman for the anti-pornography movement.",2.0,3
85,0,United States,US,en.wikipedia,541150,Irshad_Manji,Q242051,"Irshad Manji is a Ugandan-born Canadian educator. She is the author of The Trouble with Islam Today (2004) and Allah, Liberty and Love (2011), both of which have been banned in several Muslim countries. She also produced a PBS documentary in the America at a Crossroads series, titled Faith Without Fear, which was nominated for an Emmy Award in 2008. A former journalist and television presenter, Manji is an advocate of a reformist interpretation of Islam and a critic of literalist interpretations of the Qur'an.",1.0,1
86,0,United States,US,en.wikipedia,9372516,Amanda_Marcotte,Q4739686,"Amanda Marie Marcotte is an American blogger and journalist who writes on feminism and politics from a liberal perspective. She has written for several online publications, including Slate, The Guardian, and Salon, where she is currently senior politics writer.",1.0,1
87,0,United States,US,en.wikipedia,3355124,Deirdre_McCloskey,Q682037,"Deirdre Nansen McCloskey is an American economist and academic. Since 2023 she has been a Distinguished Scholar and holder of the Isaiah Berlin Chair in Liberal Thought at the Cato Institute in Washington, D.C. From 2000 to 2015, she taught at the University of Illinois at Chicago, where she was Distinguished Professor of Economics History, and Professor of English and Communication. During those years, she taught economic history at the University of Gothenburg, economics at the University of the Free State, and philosophy at Erasmus University Rotterdam.",1.0,1
88,0,United States,US,en.wikipedia,20312,Hayao_Miyazaki,Q55400,"Hayao Miyazaki  is a Japanese animator, filmmaker, and manga artist. He co-founded Studio Ghibli and serves as its honorary chairman. Throughout his career, Miyazaki has attained international acclaim as a masterful storyteller and creator of Japanese animated feature films, and is widely regarded as one of the most accomplished filmmakers in the history of animation.",3.0,1
89,0,United States,US,en.wikipedia,36918595,Janet_Mock,Q6153507,"Janet Mock is an American writer, television producer, and transgender rights activist. Her debut book, the memoir Redefining Realness, became a New York Times bestseller. She is a contributing editor for Marie Claire and a former staff editor of People magazine's website.",1.0,1
90,0,United States,US,en.wikipedia,1074131,Caitlin_Moran,Q3398683,"Catherine Elizabeth Moran is an English journalist, broadcaster, and author at The Times, where she writes two columns a week: one for the Saturday Magazine, and the satirical Friday column ""Celebrity Watch"".",3.0,1
91,0,United States,US,en.wikipedia,477342,Robin_Morgan,Q450796,"Robin Morgan is an American poet, writer, activist, journalist, lecturer and former child actor. Since the early 1960s, she has been a key radical feminist member of the American Women's Movement, and a leader in the international feminist movement. Her 1970 anthology Sisterhood Is Powerful was cited by the New York Public Library as ""One of the 100 Most Influential Books of the 20th Century."". She has written more than 20 books of poetry, fiction, and nonfiction, and was editor of Ms. magazine.",1.0,1
92,0,United States,US,en.wikipedia,612675,Laura_Mulvey,Q440887,"Laura Mulvey is a British feminist film theorist and filmmaker. She was educated at St Hilda's College, Oxford. She is currently professor of film and media studies at Birkbeck, University of London. She previously taught at Bulmershe College, the London College of Printing, the University of East Anglia, and the British Film Institute.",1.0,1
93,0,United States,US,en.wikipedia,452048,Kathy_Najimy,Q235460,"Kathy Ann Najimy is an American actress and activist. She was first nationally known for her feminist play The Kathy and Mo Show, which she wrote and performed with Mo Gaffney. On film, she is best known for her roles in Soapdish (1991), Sister Act (1992) and its sequel (1993), Hocus Pocus (1993) and its sequel (2022), Hope Floats (1998), The Wedding Planner (2001), Rat Race (2001), WALL-E (2008), Step Up 3D (2010), The Guilt Trip (2012), Tyler Perry's A Madea Christmas (2013), A Christmas Melody (2015), Dumplin' (2018), Music (2021), and Single All the Way (2021). On television, she is best known for her portrayal of Olive Massery on the NBC sitcom Veronica's Closet (1997–2000) and for voicing Peggy Hill on the animated television series King of the Hill.",1.0,1
94,0,United States,US,en.wikipedia,558698,Taslima_Nasrin,Q208468,"Taslima Nasrin is a Bangladeshi-Swedish writer, physician, feminist, secular humanist, and activist. She is known for her writings on feminism and her criticism of Islam; some of her books are banned in Bangladesh. She has also been blacklisted and banished from the Bengal region, including both Bangladesh and the Indian state of West Bengal.",1.0,1
95,0,United States,US,en.wikipedia,2464121,Asra_Nomani,Q3625354,"Asra Quratulain Nomani is an Indian American journalist and author. Born in India to Muslim parents, she earned a BA from West Virginia University in liberal arts in 1986 and an MA from the American University in international communications in 1990. She subsequently worked as a correspondent for The Wall Street Journal with her colleague Daniel Pearl in Pakistan post-9/11. Pearl was kidnapped and murdered by Islamist terrorists while following an investigative lead. Nomani later became the co-director of the Pearl Project, a faculty-student investigative-reporting project which has looked into Pearl's murder.",1.0,3
96,0,United States,US,en.wikipedia,341297,Martha_Nussbaum,Q235470,"Martha Nussbaum is an American philosopher and the current Ernst Freund Distinguished Service Professor of Law and Ethics at the University of Chicago, where she is jointly appointed in the law school and the philosophy department.",1.0,1
97,0,United States,US,en.wikipedia,363002,Sandra_Oh,Q40337,"Sandra Miju Oh is a Canadian and American actress. She is best known as Rita Wu in Arliss (1996–2002), Dr. Cristina Yang in Grey's Anatomy (2005–2014), and Eve Polastri in Killing Eve (2018–2022). She has received one Primetime Emmy Award from 14 nominations, as well as two Golden Globe Awards and four Screen Actors Guild Awards. In 2019, Time magazine named Oh one of the 100 most influential people in the world.",1.0,1
98,0,United States,US,en.wikipedia,2323727,Elliot_Page,Q173399,"Elliot Page is a Canadian actor, producer, and activist. He is known for his leading roles across Canadian and American film and television, and for his outspoken work as an activist for LGBTQ rights and against discrimination. His accolades include nominations for an Academy Award, three BAFTAS, two Emmys, a Golden Globe, and a SAG Award.",1.0,3
99,0,United States,US,en.wikipedia,23820760,Camille_Paglia,Q255463,"Camille Anna Paglia is an American academic, social critic and feminist. Paglia was a professor at the University of the Arts in Philadelphia, Pennsylvania from 1984 until the university's closure in 2024. She is critical of many aspects of modern culture and is the author of Sexual Personae: Art and Decadence from Nefertiti to Emily Dickinson (1990) and other books. She is also a critic of contemporary American feminism and of post-structuralism, as well as a commentator on multiple aspects of American culture such as its visual art, music, and film history.",1.0,1
100,0,United States,US,en.wikipedia,1624044,Amanda_Palmer,Q240377,"Amanda MacKinnon Palmer is an American singer, songwriter, musician, and performance artist who is the lead vocalist, pianist, and lyricist of the duo the Dresden Dolls. She performs as a solo artist and was also a member of the duo Evelyn Evelyn and the lead singer and songwriter of Amanda Palmer and the Grand Theft Orchestra. She has gained a cult fanbase and was one of the first musical artists to popularize the use of crowdfunding websites.",1.0,1
101,0,United States,US,en.wikipedia,256646,Peaches_(musician),Q235095,"Merrill Nisker, better known by her stage name Peaches, is a Canadian electroclash musician and producer.",1.0
102,0,United States,US,en.wikipedia,148051,Liz_Phair,Q258761,"Elizabeth Clark Phair is an American singer-songwriter and musician. Born in New Haven, Connecticut, Phair was raised primarily in the Chicago area. After graduating from Oberlin College in 1990, she attempted to start a musical career in San Francisco; however, she returned to her home in Chicago, where she began self-releasing audio cassettes under the name Girly-Sound. The tapes led to a recording contract with the independent record label Matador Records.",3.0
103,0,United States,US,en.wikipedia,3042824,Mary_Pipher,Q6780524,"Mary Elizabeth Pipher, also known as Mary Bray Pipher, is an American clinical psychologist and author. Her books include A Life in Light: Meditations on Impermanence (2022) and Women Rowing North (2019), a book on aging gracefully. Prior to that, she wrote The Green Boat: Reviving Ourselves in Our Capsized Culture (2013) and the bestseller Reviving Ophelia: Saving the Selves of Adolescent Girls (1994).",1.0
104,0,United States,US,en.wikipedia,707374,Katha_Pollitt,Q3194007,"Katha Pollitt is an American poet, essayist and critic. She is the author of four essay collections and two books of poetry. Her writing focuses on political and social issues from a left-leaning perspective, including abortion, racism, welfare reform, feminism, and poverty.",1.0
105,0,United States,US,en.wikipedia,6133358,Sharon_Presley,Q7490182,"Sharon Presley was an American libertarian feminist, writer, activist, and lecturer in psychology.",1.0
106,0,United States,US,en.wikipedia,174050,Bernice_Johnson_Reagon,Q162209,"Bernice Johnson Reagon was an American song leader, composer, professor of American history, curator at the Smithsonian, and social activist. In the early 1960s, she was a founding member of the Freedom Singers, organized by the Student Non-violent Coordinating Committee (SNCC) in the Albany Movement for civil rights in Georgia. In 1973, she founded the all-black female a cappella ensemble Sweet Honey in the Rock, based in Washington, D.C. She was a member/founder of Sweet Honey In The Rock from 1973 to 2006. Reagon, along with other members of the SNCC Freedom Singers, realized the power of collective singing to unify the disparate groups who began to work together in the 1964 Freedom Summer protests in the South.""After a song"", Reagon recalled, ""the differences between us were not so great. Somehow, making a song required an expression of that which was common to us all.... This music was like an instrument, like holding a tool in your hand.""
",3.0
107,0,United States,US,en.wikipedia,505670,Helen_Reddy,Q233362,"Helen Maxine Reddy was an Australian and American singer, actress, television host, and activist. Born in Melbourne to a show business family, Reddy started her career as an entertainer at age four. She sang on radio and television and won a talent contest on the television program Bandstand in 1966; her prize was a ticket to New York City and a record audition, which was unsuccessful. After a short and unsuccessful singing career in New York, she eventually moved to Chicago, and subsequently, Los Angeles, where she made her debut singles ""One Way Ticket"" and ""I Believe in Music"" in 1968 and 1970, respectively. The B-side of the latter single, ""I Don't Know How to Love Him"", reached number eight on the pop chart of the Canadian magazine RPM. She was signed to Capitol Records a year later.",1.0
108,0,United States,US,en.wikipedia,4480588,Abby_Rockefeller_(ecologist),Q4664487,"Abigail Aldrich Rockefeller is an American feminist, ecologist, and member of the Rockefeller family. Abby was born in Providence, Rhode Island. She was a member of Cell 16, a radical feminist organization, in the 1970s. She also founded the Clivus Multrum company, which manufactures composting toilets.",3.0
109,0,United States,US,en.wikipedia,2574579,Gayle_Rubin,Q444593,"Gayle S. Rubin is an American cultural anthropologist, theorist and activist, best known for her pioneering work in feminist theory and queer studies.",1.0
110,0,United States,US,en.wikipedia,2161976,JD_Samson,Q2395345,"Jocelyn Rachel Samson, known professionally as JD Samson, is an American musician, producer, songwriter, and DJ, best known as a member of the bands Le Tigre and MEN.",1.0
111,0,United States,US,en.wikipedia,581057,Michael_Sandel,Q381044,"Michael Joseph Sandel is an American political philosopher and the Anne T. and Robert M. Bass Professor of Government at Harvard University, where his course Justice was the university's first course to be made freely available online and on television. It has been viewed by tens of millions of people around the world, including in China, where Sandel was named the 2011 ""most influential foreign figure of the year"".",3.0
112,0,United States,US,en.wikipedia,1756162,Justin_Sane,Q377813,"Justin Cathal Geever, known professionally as Justin Sane, is an American singer and guitarist. He was the lead guitarist, singer and songwriter of Anti-Flag, a punk rock band formed in 1988 in Pittsburgh, Pennsylvania that was known for its left-wing political views.",3.0
113,0,United States,US,en.wikipedia,32720869,Anita_Sarkeesian,Q510653,"Anita Sarkeesian is a Canadian-American feminist media critic. She is the founder of Feminist Frequency, a website that hosts videos and commentary analyzing portrayals of women in popular culture. Her video series Tropes vs. Women in Video Games, examines tropes in the depiction of female video game characters.
Media scholar Soraya Murray calls Sarkeesian emblematic of ""a burgeoning organized feminist critique"" of stereotyped and objectified portrayals of women in video games.",1.0
114,0,United States,US,en.wikipedia,482729,Marjane_Satrapi,Q126633,"Marjane Satrapi is a French-Iranian graphic novelist, cartoonist, illustrator, film director, and children's book author. Her best-known works include the graphic novel Persepolis and its film adaptation, the graphic novel Chicken with Plums, Woman, Life, Freedom and the Marie Curie biopic Radioactive.",1.0
115,0,United States,US,en.wikipedia,1707319,John_Scalzi,Q277308,"John Michael Scalzi II is an American science fiction author and former president of the Science Fiction and Fantasy Writers of America. He is best known for his Old Man's War series, three novels of which have been nominated for the Hugo Award, and for his blog Whatever, where he has written on a number of topics since 1998. He won the Hugo Award for Best Fan Writer in 2008 based predominantly on that blog, which he has also used for several charity drives. He has written non-fiction books and columns on diverse topics such as finance, video games, films, astronomy, writing and politics, and served as a creative consultant for the TV series Stargate Universe.",1.0
116,0,United States,US,en.wikipedia,1709461,Alice_Schwarzer,Q62919,"Alice Sophie Schwarzer is a German journalist and prominent feminist. She is founder and publisher of the German feminist journal EMMA. Beginning in France, she became a forerunner of feminist positions against anti-abortion laws, for economic self-sufficiency for women, against pornography, prostitution, female genital mutilation, and for a position on women in Islam. She authored many books, including biographies of Romy Schneider, Marion Dönhoff, and herself.",1.0
117,0,United States,US,en.wikipedia,15739133,Julia_Serano,Q7765045,"Julia Michelle Serano is an American writer, musician, spoken-word performer, transgender and bisexual activist, and biologist. She is known for her transfeminist books, such as Whipping Girl (2007), Excluded (2013), and Outspoken (2016). She is also a public speaker who has given many talks at universities and conferences. Her writing is frequently featured in queer, feminist, and popular culture magazines.",1.0
118,0,United States,US,en.wikipedia,80072,Vandana_Shiva,Q235451,"Vandana Shiva is an Indian scholar, environmental activist, food sovereignty advocate, ecofeminist and anti-globalization author. Based in Delhi, Shiva has written more than 20 books. She is often referred to as ""Gandhi of grain"" for her activism associated with the anti-GMO movement.",1.0
119,0,United States,US,en.wikipedia,25103,Mizmoon,Q7145845,"Patricia Monique Soltysik was an American woman who was best known as a co-founder and activist in the Symbionese Liberation Army, a far-left militant group based in Berkeley and Oakland, California. She participated in the group's violent activities, including armed bank robbery.",3.0
120,1,United States,US,en.wikipedia,25103,Patricia_Soltysik,Q7145845,"Patricia Monique Soltysik was an American woman who was best known as a co-founder and activist in the Symbionese Liberation Army, a far-left militant group based in Berkeley and Oakland, California. She participated in the group's violent activities, including armed bank robbery.",3.0
121,0,United States,US,en.wikipedia,412481,Christina_Hoff_Sommers,Q437363,"Christina Marie Hoff Sommers is an American author and philosopher. Specializing in ethics, she is a resident scholar at the American Enterprise Institute. Sommers is known for her critique of contemporary feminism. Her work includes the books Who Stole Feminism? (1994) and The War Against Boys (2000). She also hosts a video blog called The Factual Feminist.",1.0
122,0,United States,US,en.wikipedia,3085135,Donita_Sparks,Q628151,"Donita Sparks is an American singer, guitarist, and songwriter most notable for being the co-founder of the band L7. Sparks also initiated, performed, and released original material with her solo project, the band Donita Sparks and the Stellar Moments.",3.0
123,0,United States,US,en.wikipedia,98957,Annie_Sprinkle,Q433576,"Annie M. Sprinkle is an American certified sexologist, performance artist, former sex worker, filmmaker, and advocate for the decriminalization of sex work.",1.0
124,0,United States,US,en.wikipedia,178756,Starhawk,Q272205,"Starhawk is an American feminist and writer. She is known as a theorist of feminist neopaganism and ecofeminism. In 2013, she was listed in Watkins' Mind Body Spirit magazine as one of the 100 Most Spiritually Influential Living People.",1.0
125,0,United States,US,en.wikipedia,70938,Patrick_Stewart,Q16296,"Sir Patrick Stewart is an English actor. With a career spanning over seven decades of stage and screen, he has received various accolades, including two Olivier Awards and a Grammy Award, as well as nominations for a Tony Award, three Golden Globe Awards, four Emmy Awards, and three Screen Actors Guild Awards. He was knighted by Queen Elizabeth II for services to drama in 2010.",1.0
126,0,United States,US,en.wikipedia,678297,John_Stoltenberg,Q6259283,"John Stoltenberg is an American author, activist, magazine editor, college lecturer, playwright, and theater reviewer who identifies his political perspective as radical feminist. For several years he has worked for DC Metro Theater Arts and as of 2019 is its executive editor. He has written three books, two collections of his essays and a novel. He was the life partner of Andrea Dworkin for 30 years and has lived with his husband, Joe Hamilton, for over 15 years.",1.0
127,0,United States,US,en.wikipedia,590320,Nadine_Strossen,Q21791,"Nadine Strossen is an American legal scholar and civil liberties activist who served as the president of the American Civil Liberties Union (ACLU) from 1991 to 2008. A liberal feminist, she was the first woman to lead the ACLU. A professor at New York Law School, Strossen is a member of the Council on Foreign Relations and other professional organizations.",3.0
128,0,United States,US,en.wikipedia,548229,Lili_Taylor,Q233502,"Lili Anne Taylor is an American actress. She came to prominence with supporting parts in the films Mystic Pizza (1988) and Say Anything... (1989), before establishing herself as one of the key figures of 1990s independent cinema through starring roles in Bright Angel (1990), Dogfight (1991), Household Saints, Short Cuts, The Addiction (1995), I Shot Andy Warhol (1996), and Pecker (1998). Taylor is the recipient of four Independent Spirit nominations, winning once in the category of Best Supporting Female.",1.0
129,0,United States,US,en.wikipedia,1661873,Corin_Tucker,Q4450151,"Corin Lisa Tucker is an American singer, songwriter, and guitarist best known for her work with rock band Sleater-Kinney. Tucker is also a member of the alternative rock supergroup Filthy Friends, and previously recorded with the punk band Heavens to Betsy as well as The Corin Tucker Band.",1.0
130,0,United States,US,en.wikipedia,255380,Robin_Tunney,Q209094,"Robin Tunney is an American actress who made her film debut in Encino Man (1992), and later rose to prominence with headline parts in the cult films Empire Records (1995) and The Craft (1996). Her performance in Niagara, Niagara (1997) won her the Volpi Cup for Best Actress. She then had leading roles in End of Days (1999), Supernova, Vertical Limit, Cherish, The Secret Lives of Dentists and The In-Laws (2003), and earned wider recognition playing Veronica Donovan on Prison Break (2005–2006) and Teresa Lisbon on The Mentalist (2008–2015).",1.0
131,0,United States,US,en.wikipedia,623527,Urvashi_Vaid,Q2502233,"Urvashi Vaid was an Indian-born American LGBT rights activist, lawyer, and writer. An expert in gender and sexuality law, she was a consultant in attaining specific goals of social justice. She held a series of roles at the National LGBTQ Task Force, serving as executive director from 1989 to 1992 — the first woman of color to lead a national gay-and-lesbian organization. She is the author of Virtual Equality: The Mainstreaming of Gay and Lesbian Liberation (1995) and Irresistible Revolution: Confronting Race, Class and the Assumptions of LGBT Politics (2012).",1.0
132,0,United States,US,en.wikipedia,362121,Tobi_Vail,Q3530134,"Tobi Celeste Vail is an American independent musician, music critic and feminist activist from Olympia, Washington. She was a central figure in the riot grrl scene—she coined the spelling of ""grrl""—and she started the zine Jigsaw. A drummer, guitarist and singer, she was a founding member of the band Bikini Kill. Vail has collaborated in several other bands figuring in the Olympia music scene. Vail writes for eMusic.",3.0
133,0,United States,US,en.wikipedia,19920187,Jessica_Valenti,Q556767,"Jessica Valenti is an American feminist writer. She was the co-founder of the blog Feministing, which she wrote for from 2004 to 2011. Valenti is the author of six books: Full Frontal Feminism (2007), He's a Stud, She's a Slut (2008), The Purity Myth (2009), Why Have Kids? (2012), Sex Object: A Memoir (2016), and Abortion: Our Bodies, Their Lies, and the Truths We Use to Win (2024). She also co-edited the books Yes Means Yes: Visions of Female Sexual Power and A World Without Rape (2008), Believe Me: How Trusting Women Can Change the World (2020). Between 2014 and 2018, Valenti was a columnist for The Guardian. She currently runs the Abortion, Every Day newsletter. Fellow feminist Michelle Goldberg described her as ""one of the most successful and visible feminists of her generation"".",1.0
134,0,United States,US,en.wikipedia,3856669,Norah_Vincent,Q13563058,"Norah Mary Vincent was an American writer. She was a weekly columnist for the Los Angeles Times and a quarterly columnist on politics and culture for the national gay news magazine The Advocate. She was a columnist for The Village Voice and Salon.com. Her writing appeared in The New Republic, The New York Times, New York Post, The Washington Post and other periodicals. She gained particular attention in 2006 for her book Self-Made Man, detailing her experiences when she lived as a man for eighteen months.",1.0
135,0,United States,US,en.wikipedia,43154,Alice_Walker,Q215868,"Alice Malsenior Tallulah-Kate Walker is an American novelist, short story writer, poet, and social activist. In 1982, she became the first African-American woman to win the Pulitzer Prize for Fiction, which she was awarded for her novel The Color Purple. Over the span of her career, Walker has published seventeen novels and short story collections, twelve non-fiction works, and collections of essays and poetry.",1.0
136,0,United States,US,en.wikipedia,837160,Rebecca_Walker,Q468676,"Rebecca Walker is an American writer, feminist, and activist. Walker has been regarded as one of the prominent voices of Third Wave Feminism, and the coiner of the term ""third wave"", since publishing a 1992 article on feminism in Ms. magazine called ""Becoming the Third Wave"", in which she proclaimed: ""I am the Third Wave.""",3.0
137,0,United States,US,en.wikipedia,3038725,Michele_Wallace,Q1931121,"Michele Faith Wallace is a black feminist author, cultural critic, and daughter of artist Faith Ringgold. She is best known for her 1979 book Black Macho and the Myth of the Superwoman. Wallace's writings on literature, art, film, and popular culture have been widely published and have made her a leader of African-American intellectuals. She is a Professor of English at the City College of New York and the Graduate Center of the City University of New York (CUNY).",1.0
138,0,United States,US,en.wikipedia,149243,Emma_Watson,Q39476,"Emma Charlotte Duerre Watson is an English actress. She has been ranked among the world's highest-paid actresses by Forbes and Vanity Fair, and was named one of the 100 most influential people in the world by Time magazine in 2015. Watson was also listed by Forbes as an honouree on the Forbes 30 Under 30 list in 2015 and 2016.",1.0
139,0,United States,US,en.wikipedia,158079,Joss_Whedon,Q298025,"Joseph Hill ""Joss"" Whedon is an American screenwriter, director, producer, comic book writer, and composer. He is best known as the creator of several television series: the supernatural drama Buffy the Vampire Slayer (1997–2003) and its spinoff Angel (1999–2004), the short-lived space Western Firefly (2002), the Internet musical miniseries Dr. Horrible's Sing-Along Blog (2008), the science fiction drama Dollhouse (2009–2010), the Marvel Cinematic Universe film The Avengers (2012) and series Agents of S.H.I.E.L.D. (2013–2020), and the science fiction drama The Nevers (2021).",1.0
140,0,United States,US,en.wikipedia,1769964,Ellen_Willis,Q5365061,"Ellen Jane Willis was an American left-wing political essayist, journalist, activist, feminist, and pop music critic. A 2014 collection of her essays, The Essential Ellen Willis, received the National Book Critics Circle Award for Criticism.",1.0
141,0,United States,US,en.wikipedia,20395872,Oprah_Winfrey,Q55800,"Oprah Gail Winfrey is an American talk show host, television producer, actress, author, and media proprietor. She is best known for her talk show, The Oprah Winfrey Show, broadcast from Chicago, which ran in national syndication for 25 years, from 1986 to 2011. Globally, she is the richest Black woman and the wealthiest female celebrity. Dubbed the ""Queen of All Media"", she was the richest African-American of the 20th century and was once the world's only Black billionaire. By 2007, she was often ranked as the most influential woman in the world.",3.0
142,0,United States,US,en.wikipedia,21636,Naomi_Wolf,Q237875,"Naomi Rebekah Wolf is an American feminist author, journalist, and conspiracy theorist.",1.0
143,0,United States,US,en.wikipedia,2268333,Allison_Wolfe,Q4732851,"Allison Wolfe is a Los Angeles–based singer, songwriter, writer, and podcaster. As a founding member and lead singer of the punk rock band Bratmobile, she became one of the leading voices of the riot grrl movement.",3.0
144,0,United States,US,en.wikipedia,321246,Elizabeth_Wurtzel,Q442854,"Elizabeth Lee Wurtzel was an American writer, journalist, and lawyer known for the confessional memoir Prozac Nation, which she published at the age of 27. Her work often focused on chronicling her personal struggles with depression, addiction, career, and relationships. Wurtzel's work drove a boom in confessional writing and the personal memoir genre during the 1990s, and she was viewed as a voice of Generation X. In her later life, Wurtzel worked briefly as an attorney before her death from breast cancer.",1.0
145,0,United States,US,en.wikipedia,1478624,Cathy_Young,Q2262391,"Catherine Alicia Young is a Russian-American journalist. Young is primarily known for her writing about feminism and other cultural issues, as well as about Russia and the former Soviet Union. She is the author of two books, a frequent contributor to the American libertarian monthly Reason, and a regular columnist for Newsday. In 2022, she joined The Bulwark as a staff writer. She describes her political views as ""libertarian/conservative"".",1.0
146,0,United States,US,en.wikipedia,33983258,Malala_Yousafzai,Q32732,"Malala Yousafzai is a Pakistani female education activist, and producer of film and television. She is the youngest Nobel Prize laureate in history, receiving the Peace Prize in 2014 at age 17, and is the second Pakistani and the only Pashtun to receive a Nobel Prize. Yousafzai is a human rights advocate for the education of women and children in her native district, Swat, where the Pakistani Taliban had at times banned girls from attending school. Her advocacy has grown into an international movement, and according to former prime minister Shahid Khaqan Abbasi, she has become Pakistan's ""most prominent citizen"".",1.0
147,0,United States,US,en.wikipedia,2198718,D._A._Clarke,Q5203465,"D. A. Clarke is an American radical feminist essayist and activist, notable for her development of feminist theory, and for the anonymous poem privilege.",1.0
148,0,United States,US,en.wikipedia,21662575,Honor_Moore,Q5896819,"Honor Moore is an American writer of poetry, creative nonfiction and plays. She currently teaches at The New School in the MFA program for creative nonfiction, where she is a part-time associate teaching professor.",1.0
149,0,United States,US,en.wikipedia,57637016,Meghan_Murphy,Q55081088,"Meghan Emily Murphy is a Canadian writer, journalist, politician, and founder of Feminist Current, a feminist website and podcast. She has contributed opinion and feature pieces to Canadian and international media, and has spoken widely on topics related to feminism and women's rights.",3.0
